{
    "auxiliary_fan": "1",
    "bbl_calib_mark_logo": "1",
    "bed_custom_model": "",
    "bed_custom_texture": "",
    "bed_exclude_area": [
        "0x0"
    ],
    "before_layer_change_gcode": ";BEFORE_LAYER_CHANGE\n;[layer_z]\n",
    "change_filament_gcode": "",
    "default_filament_profile": [
        "Flashforge PLA"
    ],
    "default_print_profile": "0.20mm Standard @Flashforge AD5M Pro",
    "deretraction_speed": [
        "40"
    ],
    "extruder_clearance_height_to_lid": "140",
    "extruder_clearance_height_to_rod": "36",
    "extruder_clearance_radius": "65",
    "extruder_colour": [
        "#FCE94F"
    ],
    "extruder_offset": [
        "0x0"
    ],
    "fan_kickstart": "0",
    "fan_speedup_overhangs": "1",
    "fan_speedup_time": "0",
    "from": "",
    "gcode_flavor": "klipper",
    "host_type": "octoprint",
    "inherits": "MyKlipper 0.4 nozzle",
    "layer_change_gcode": ";AFTER_LAYER_CHANGE\n;[layer_z]",
    "machine_end_gcode": "G28\nM104 S0 ; turn off temperature\nM84     ; disable motors",
    "machine_load_filament_time": "0",
    "machine_max_acceleration_e": [
        "5000",
        "5000"
    ],
    "machine_max_acceleration_extruding": [
        "20000",
        "20000"
    ],
    "machine_max_acceleration_retracting": [
        "20000",
        "5000"
    ],
    "machine_max_acceleration_travel": [
        "9000",
        "9000"
    ],
    "machine_max_acceleration_x": [
        "20000",
        "20000"
    ],
    "machine_max_acceleration_y": [
        "20000",
        "20000"
    ],
    "machine_max_acceleration_z": [
        "500",
        "200"
    ],
    "machine_max_jerk_e": [
        "2.5",
        "2.5"
    ],
    "machine_max_jerk_x": [
        "9",
        "9"
    ],
    "machine_max_jerk_y": [
        "9",
        "9"
    ],
    "machine_max_jerk_z": [
        "3",
        "0.4"
    ],
    "machine_max_speed_e": [
        "30",
        "25"
    ],
    "machine_max_speed_x": [
        "600",
        "200"
    ],
    "machine_max_speed_y": [
        "600",
        "200"
    ],
    "machine_max_speed_z": [
        "20",
        "12"
    ],
    "machine_min_extruding_rate": [
        "0",
        "0"
    ],
    "machine_min_travel_rate": [
        "0",
        "0"
    ],
    "machine_pause_gcode": "",
    "machine_start_gcode": "M190 S[bed_temperature_initial_layer_single]\nM104 S[nozzle_temperature_initial_layer]\nG90\nM83\nG1 Z5 F6000\nG1 E-5 F600\nG1 E12 F1200\nG1 X100 Y110 Z0.25 F1200\nG1 X-110 E15 F2400\nG1 Y0 E4 F2400\nG1 X-109.6 F2400\nG1 Y110 E5 F2400\nG92 E0",
    "machine_unload_filament_time": "0",
    "max_layer_height": [
        "0.28"
    ],
    "min_layer_height": [
        "0.08"
    ],
    "name": "Flashforge Adventurer 5M Pro 0.4 Nozzle",
    "nozzle_diameter": [
        "0.4"
    ],
    "nozzle_hrc": "0",
    "nozzle_type": "undefine",
    "nozzle_volume": "0",
    "print_host": "raspberrypi.local:82",
    "print_host_webui": "",
    "printable_area": [
        "-110x-110",
        "110x-110",
        "110x110",
        "-110x110"
    ],
    "printable_height": "220",
    "printer_model": "Generic Klipper Printer",
    "printer_settings_id": "Flashforge Adventurer 5M Pro 0.4 Nozzle",
    "printer_technology": "FFF",
    "printer_variant": "0.4",
    "printhost_apikey": "",
    "printhost_authorization_type": "key",
    "printhost_cafile": "",
    "printhost_password": "",
    "printhost_port": "",
    "printhost_ssl_ignore_revoke": "0",
    "printhost_user": "",
    "retract_before_wipe": [
        "100%"
    ],
    "retract_length_toolchange": [
        "2"
    ],
    "retract_restart_extra": [
        "0"
    ],
    "retract_restart_extra_toolchange": [
        "0"
    ],
    "retract_when_changing_layer": [
        "1"
    ],
    "retraction_length": [
        "1.2"
    ],
    "retraction_minimum_travel": [
        "1"
    ],
    "retraction_speed": [
        "40"
    ],
    "scan_first_layer": "0",
    "silent_mode": "0",
    "single_extruder_multi_material": "1",
    "template_custom_gcode": "",
    "thumbnails": [
        "20x20"
    ],
    "upward_compatible_machine": [],
    "use_firmware_retraction": "0",
    "use_relative_e_distances": "0",
    "version": "1.5.1.2",
    "wipe": [
        "1"
    ],
    "wipe_distance": [
        "2.5"
    ],
    "z_hop": [
        "0"
    ],
    "z_hop_types": [
        "Auto Lift"
    ]
}
