{
  "type": "process",
  "setting_id": "GP004",
  "name": "0.24mm Standard @Wanhao-D12-500",
  "from": "system",
  "inherits": "fdm_process_common",
  "instantiation": "true",
  "layer_height": "0.24",
  "bottom_shell_layers": "4",
  "top_shell_layers": "5",
  "default_jerk": "3",
    "outer_wall_jerk": "3",
    "top_surface_jerk": "3",
    "infill_jerk": "3",
    "inner_wall_jerk": "3",
    "initial_layer_jerk": "3",
    "travel_jerk": "8",
  "default_acceleration": "1000",
  "outer_wall_acceleration": "700",
  "elefant_foot_compensation": "0.1",
  "enable_prime_tower": "1",
  "extra_perimeters_on_overhangs": "1",
  "flush_into_support": "0",
  "infill_wall_overlap": "20%",
  "initial_layer_infill_speed": "45",
  "travel_speed": "200",
  "initial_layer_speed": "35",
  "initial_layer_travel_speed": "100",
  "inner_wall_acceleration": "1000",
  "internal_bridge_speed": "100",
  "internal_solid_infill_line_width": "0.42",
  "internal_solid_infill_speed": "90",
  "is_custom_defined": "0",
  "is_infill_first": "0",
  "line_width": "0.42",
  "outer_wall_line_width": "0.42",
  "outer_wall_speed": "30",
  "inner_wall_speed": "60",
  "skirt_loops": "0",
  "skirt_speed": "0",
  "slow_down_layers": "1",
  "sparse_infill_density": "10%",
  "sparse_infill_pattern": "grid",
  "sparse_infill_speed": "120",
  "staggered_inner_seams": "1",
  "support_line_width": "0.42",
  "top_shell_thickness": "1",
  "top_surface_acceleration": "1000",
  "top_surface_line_width": "0.42",
  "top_surface_speed": "40",
  "travel_acceleration": "500",
  "version": "1.0.1.0",
  "wall_generator": "classic",
  "wall_loops": "2",
  "wipe_before_external_loop": "1",
  "wipe_on_loops": "1",
  "compatible_printers": [
	    "D12 500 PRO SMARTPAD MONO DUAL 0.4 nozzle", 
      "D12 500 PRO M2 MONO DUAL 0.4 nozzle",
      "D12 500 PRO M2 DIRECT 0.4 nozzle",
      "D12 500 PRO SMARTPAD DIRECT 0.4 nozzle"
    ]
}
