{
    "additional_cooling_fan_speed": [
        "100"
    ],
    "bed_temperature_difference": [
        "10"
    ],
    "chamber_temperature": "0",
    "close_fan_the_first_x_layers": [
        "1"
    ],
    "compatible_printers": [
        "Flashforge Adventurer 5M 0.4 Nozzle",
        "Flashforge Adventurer 5M Pro 0.4 Nozzle",
        "Flashforge Adventurer 5M 0.6 Nozzle",
        "Flashforge Adventurer 5M Pro 0.6 Nozzle"

    ],
    "compatible_printers_condition": "",
    "compatible_prints": [],
    "compatible_prints_condition": "",
    "cool_plate_temp": [
        "60"
    ],
    "cool_plate_temp_initial_layer": [
        "60"
    ],
    "default_filament_colour": [
        ""
    ],
    "enable_overhang_bridge_fan": [
        "1"
    ],
    "enable_pressure_advance": [
        "0"
    ],
    "eng_plate_temp": [
        "60"
    ],
    "eng_plate_temp_initial_layer": [
        "60"
    ],
    "fan_cooling_layer_time": [
        "100"
    ],
    "fan_max_speed": [
        "100"
    ],
    "fan_min_speed": [
        "100"
    ],
    "filament_cost": [
        "20"
    ],
    "filament_density": [
        "1.24"
    ],
    "filament_deretraction_speed": [
        "nil"
    ],
    "filament_diameter": [
        "1.75"
    ],
    "filament_end_gcode": [
        "; filament end gcode \nSET_PRESSURE_ADVANCE ADVANCE=0.025"
    ],
    "filament_flow_ratio": [
        "0.97"
    ],
    "filament_is_support": [
        "0"
    ],
    "filament_max_volumetric_speed": [
        "25"
    ],
    "filament_minimal_purge_on_wipe_tower": [
        "15"
    ],
    "filament_retract_before_wipe": [
        "nil"
    ],
    "filament_retract_restart_extra": [
        "nil"
    ],
    "filament_retract_when_changing_layer": [
        "nil"
    ],
    "filament_retraction_length": [
        "nil"
    ],
    "filament_retraction_minimum_travel": [
        "nil"
    ],
    "filament_retraction_speed": [
        "nil"
    ],
    "filament_settings_id": [
        "Flashforge HS PLA"
    ],
    "filament_shrink": [
        "100%"
    ],
    "filament_soluble": [
        "0"
    ],
    "filament_start_gcode": [
        "; filament start gcode\nSET_PRESSURE_ADVANCE ADVANCE=0.035"
    ],
    "filament_type": [
        "PLA"
    ],
    "filament_vendor": [
        "Generic"
    ],
    "filament_wipe": [
        "nil"
    ],
    "filament_wipe_distance": [
        "nil"
    ],
    "filament_z_hop": [
        "0"
    ],
    "filament_z_hop_types": [
        "nil"
    ],
    "from": "",
    "full_fan_speed_layer": [
        "0"
    ],
    "hot_plate_temp": [
        "50"
    ],
    "hot_plate_temp_initial_layer": [
        "50"
    ],
    "inherits": "My Generic PLA",
    "name": "Flashforge HS PLA",
    "nozzle_temperature": [
        "220"
    ],
    "nozzle_temperature_initial_layer": [
        "220"
    ],
    "nozzle_temperature_range_high": [
        "230"
    ],
    "nozzle_temperature_range_low": [
        "190"
    ],
    "overhang_fan_speed": [
        "100"
    ],
    "overhang_fan_threshold": [
        "50%"
    ],
    "pressure_advance": [
        "0.02"
    ],
    "reduce_fan_stop_start_freq": [
        "1"
    ],
    "required_nozzle_HRC": [
        "0"
    ],
    "slow_down_for_layer_cooling": [
        "1"
    ],
    "slow_down_layer_time": [
        "6"
    ],
    "slow_down_min_speed": [
        "20"
    ],
    "support_material_interface_fan_speed": [
        "100"
    ],
    "temperature_vitrification": [
        "60"
    ],
    "textured_plate_temp": [
        "60"
    ],
    "textured_plate_temp_initial_layer": [
        "60"
    ],
    "version": "1.5.1.2"
}
