Height;3dhoneycomb_12h28m 123.848;adaptivecubic_5h45m 97.501;alignedrectilinear_8h47m 149.868;archimedeanchords_7h45m 148.136;concentric_8h11m 158.703;crosshatch_10h41m 144.631;crosszag_8h49m 149.767;cubic_8h16m 148.476;grid_8h28m 148.804;gyroid_10h53m 141.269;hilbertcurve_13h23m 148.557;honeycomb_17h36m 190.473;lateral-honeycomb_8h1m 147.447;lateral-lattice_8h3m 148.47;lightning_2h35m 18.0803;line_7h49m 154.611;lockedzag_16h35m 233.29;monotonicline_9h0m 149.765;monotonic_7h54m 149.323;octagramspiral_9h29m 148.656;quartercubic_8h26m 148.477;rectilinear_8h48m 149.868;supportcubic_3h3m 49.3144;tpmsd_10h44m 150.283;tpmsfk_12h14m 150.349;tri-hexagon_8h5m 148.458;triangles_8h10m 147.48;zigzag_8h50m 149.868
0,4;138,78;50,51;71,55;16,29;64,39;208,12;71,91;66,74;69,57;44,12;137,14;186,33;47,78;63,95;;61,72;146,73;143,93;123,50;83,11;69,18;72,54;5,96;51,11;31,16;65,63;65,79;71,91
0,6;147,07;50,17;71,48;15,72;64,41;197,60;73,28;66,42;68,37;42,64;137,14;186,23;49,57;64,18;;61,72;147,09;145,17;122,09;83,11;69,08;72,47;5,95;52,52;36,95;65,04;65,79;73,87
0,8;151,68;49,92;73,89;16,29;64,40;183,96;72,01;66,96;69,57;111,45;137,14;187,17;48,74;64,36;;61,72;146,55;143,96;120,90;83,11;68,43;70,20;5,95;52,31;36,80;65,63;65,79;71,79
1;154,36;52,02;71,64;17,41;64,38;60,54;73,53;65,33;68,37;116,35;137,14;185,39;47,78;63,37;;61,72;145,34;145,17;123,52;83,11;68,44;73,63;5,95;52,24;41,82;65,04;65,79;73,87
1,2;155,11;52,06;72,25;16,29;64,38;60,95;74,03;66,85;69,57;111,43;137,14;186,28;47,78;63,56;;61,72;145,18;143,96;123,50;83,11;68,98;70,75;5,94;51,76;61,02;65,63;65,79;71,79
1,4;155,03;52,01;71,39;17,41;64,39;60,77;73,07;66,66;68,37;105,17;137,14;186,84;47,78;63,62;;61,72;144,97;145,17;122,09;83,11;69,21;73,63;5,94;52,00;55,47;65,04;65,79;73,87
1,6;153,25;51,54;70,44;16,29;64,41;60,62;71,97;66,79;69,57;45,43;137,14;186,65;47,78;63,53;;61,72;144,54;143,96;120,90;83,11;69,38;70,75;5,94;50,84;55,68;65,63;65,79;71,79
1,8;148,65;51,64;71,48;17,41;64,40;61,11;72,98;66,74;68,37;45,29;137,14;186,19;47,78;63,63;;61,72;145,35;145,17;123,52;83,11;69,90;73,63;5,93;51,39;86,35;65,04;65,79;73,87
2;144,11;51,64;73,89;16,29;64,38;61,29;74,23;67,01;69,57;44,75;137,14;186,84;47,78;64,26;;61,72;147,12;143,96;123,50;83,11;70,50;70,75;5,93;50,28;59,59;65,63;65,79;71,79
2,2;136,53;51,90;71,64;17,41;64,40;60,77;71,80;67,00;68,37;48,77;137,14;186,65;47,78;64,29;;61,72;145,29;145,17;122,09;83,11;70,09;73,63;5,93;56,43;66,38;65,04;65,79;73,87
2,4;124,69;51,53;72,25;16,29;64,40;60,62;72,95;66,91;69,57;46,06;137,14;186,19;47,78;64,71;;61,72;145,21;143,96;120,90;83,11;70,30;70,75;5,92;53,03;55,23;65,63;65,79;71,79
2,6;125,05;51,76;71,39;17,41;64,41;61,11;72,42;65,57;68,37;45,33;137,14;186,84;47,78;63,93;;61,72;145,67;145,17;123,52;83,11;70,30;73,63;5,92;204,05;37,00;65,04;65,79;73,87
2,8;137,64;51,75;70,44;16,29;64,40;61,29;74,08;66,26;69,57;46,64;137,14;186,65;92,79;63,73;;61,72;147,61;143,96;123,50;83,11;70,61;70,75;5,92;59,00;39,47;65,63;65,79;71,79
3;143,55;51,37;71,48;17,41;64,37;179,78;70,60;66,85;68,37;109,11;137,14;186,19;93,08;63,47;;61,72;145,74;145,17;122,09;83,11;70,29;73,63;5,91;100,47;35,65;65,04;65,79;73,87
3,2;150,50;51,80;73,89;16,29;64,41;193,44;72,23;66,77;69,57;48,50;137,14;186,84;93,28;62,82;;61,72;145,65;143,96;120,90;83,11;70,57;70,75;5,91;51,34;35,53;65,63;65,79;71,79
3,4;154,09;51,92;71,64;17,41;64,40;205,12;72,35;66,76;68,37;43,07;137,14;186,65;93,01;62,25;;61,72;144,44;145,17;123,52;83,11;70,24;73,63;5,91;50,97;38,36;65,04;65,79;73,87
3,6;155,50;52,25;72,25;16,29;64,41;218,65;73,04;66,86;69,57;107,02;137,14;186,19;92,85;63,16;;61,72;144,85;143,96;123,50;83,11;70,48;70,75;5,91;50,75;33,84;65,63;65,79;71,79
3,8;155,53;52,27;71,39;17,41;64,40;207,78;71,25;65,84;68,37;41,35;137,14;186,84;92,55;63,10;;61,72;145,44;145,17;122,09;83,11;70,06;73,63;5,90;51,32;35,79;65,04;65,79;73,87
4;153,89;52,56;70,44;16,29;64,36;195,38;71,54;68,62;69,57;43,95;137,14;186,65;50,02;63,43;;61,72;145,27;143,96;120,90;83,11;69,19;70,75;5,90;50,69;35,62;65,63;65,79;71,79
4,2;151,99;52,53;71,48;17,41;64,41;182,19;71,84;68,30;68,37;39,54;137,14;186,19;49,17;64,67;;61,72;144,94;145,17;123,52;83,11;69,02;73,63;5,90;51,66;32,74;65,04;65,79;73,87
4,4;145,54;50,50;73,89;16,29;64,40;61,15;71,84;67,07;69,57;43,10;137,14;186,84;50,93;64,03;;61,72;144,97;143,96;123,50;83,11;68,80;70,75;5,89;52,70;39,52;65,63;65,79;71,79
4,6;139,55;49,88;71,64;17,41;64,41;61,53;74,70;67,53;68,37;39,65;137,14;186,65;49,53;63,99;;61,72;146,37;145,17;122,09;83,11;68,47;73,63;5,89;102,06;43,40;65,04;65,79;73,87
4,8;131,52;49,91;72,25;16,29;64,39;61,23;72,23;67,43;69,57;44,98;137,14;186,19;50,81;64,33;;61,72;146,42;143,96;120,90;83,11;68,66;70,75;5,89;62,99;82,42;65,63;65,79;71,79
5;51,46;52,53;71,39;17,41;64,35;62,28;73,92;67,19;68,37;101,59;137,14;186,84;49,60;63,53;;61,72;145,90;145,17;123,52;83,11;68,87;73,63;5,88;212,53;62,87;65,04;65,79;73,87
5,2;131,57;52,08;70,44;16,29;64,41;60,14;72,56;67,22;69,57;143,42;137,14;186,65;50,93;63,62;;61,72;147,19;143,96;123,50;83,11;69,54;70,75;5,88;57,60;61,10;65,63;65,79;71,79
5,4;139,79;52,04;71,48;17,41;64,40;61,23;72,03;66,35;68,37;50,91;137,14;186,19;49,53;63,48;;61,72;142,81;145,17;122,09;83,11;69,82;73,63;5,88;49,94;59,71;65,04;65,79;73,87
5,6;147,64;51,87;73,89;16,29;64,41;62,28;73,07;68,66;69,57;110,20;137,14;186,84;50,81;63,50;;61,72;143,92;143,96;120,90;83,11;70,27;70,75;5,87;52,75;59,71;65,63;65,79;71,79
5,8;151,31;52,85;71,64;17,41;64,39;60,14;72,77;66,55;68,37;109,31;137,14;186,65;49,60;64,56;;61,72;145,82;145,17;123,52;83,11;69,63;73,63;5,87;51,24;79,61;65,04;65,79;73,87
6;154,82;52,81;72,25;16,29;64,33;61,23;71,78;68,40;69,57;45,17;137,14;186,19;50,93;64,34;;61,72;147,21;143,96;123,50;83,11;69,10;70,75;5,87;51,70;43,34;65,63;65,79;71,79
6,2;155,00;50,41;71,39;17,41;64,40;62,28;72,32;65,86;68,37;45,17;137,14;186,84;49,53;64,17;;61,72;145,16;145,17;122,09;83,11;68,71;73,63;5,86;52,42;32,99;65,04;65,79;73,87
6,4;155,37;50,34;70,44;16,29;64,40;180,38;72,70;68,61;69,57;45,19;137,14;186,65;50,81;63,99;;61,72;145,75;143,96;120,90;83,11;69,37;70,75;5,86;49,84;33,31;65,63;65,79;71,79
6,6;152,74;50,26;71,48;17,41;64,40;194,27;73,90;68,23;68,37;48,11;137,14;186,19;92,42;63,20;;61,72;144,81;145,17;123,52;83,11;70,31;73,63;5,85;52,01;31,49;65,04;65,79;73,87
6,8;148,81;50,17;73,89;16,29;64,39;206,54;70,65;67,36;69,57;47,44;137,14;186,84;92,91;63,37;;61,72;145,40;143,96;123,50;83,11;69,80;70,75;5,85;50,81;27,83;65,63;65,79;71,79
7;143,35;50,06;71,64;17,41;64,38;218,46;72,41;67,56;68,37;46,74;137,14;186,65;93,34;63,82;;61,72;145,98;145,17;122,09;83,11;69,66;73,63;5,84;49,82;32,92;65,04;65,79;73,87
7,2;136,39;49,93;72,25;16,29;64,39;207,07;71,63;67,33;69,57;110,83;137,14;186,19;93,75;63,90;;61,72;146,12;143,96;120,90;83,11;69,82;70,75;5,84;57,12;35,37;65,63;65,79;71,79
7,4;124,41;49,79;71,39;17,41;64,41;195,67;72,23;67,55;68,37;145,73;137,14;186,84;93,32;64,22;;61,72;143,68;145,17;123,52;83,11;69,68;73,63;5,83;52,35;31,36;65,04;65,79;73,87
7,6;125,58;49,61;70,44;16,29;64,40;182,10;72,66;66,93;69,57;121,65;137,14;186,65;92,62;64,36;;61,72;142,94;143,96;123,50;83,11;70,43;70,75;5,82;205,20;38,20;65,63;65,79;71,79
7,8;136,86;49,89;71,48;17,41;64,38;60,90;72,24;68,70;68,37;144,34;137,14;186,19;90,59;63,97;;61,72;148,63;145,17;122,09;83,11;70,28;73,63;5,81;64,97;33,70;65,04;65,79;73,87
8;143,86;48,93;73,89;16,29;64,40;61,21;72,28;68,67;69,57;101,97;137,14;186,84;49,61;63,58;;61,72;146,44;143,96;120,90;83,11;69,77;70,75;5,80;134,31;35,31;65,63;65,79;71,79
8,2;151,10;48,82;71,64;17,41;64,40;61,11;73,11;67,86;68,37;41,75;137,14;186,65;47,78;63,51;;61,72;143,59;145,17;123,52;83,11;69,65;73,63;5,79;94,67;46,50;65,04;65,79;73,87
8,4;151,02;48,99;72,25;16,29;64,41;61,29;72,31;68,52;69,57;41,33;137,14;186,19;47,78;63,49;;61,72;145,50;143,96;123,50;83,11;69,69;70,75;5,78;49,23;62,97;65,63;65,79;71,79
8,6;155,25;48,84;71,39;17,41;64,40;60,77;72,78;67,55;68,37;44,88;137,14;186,84;47,78;63,66;;61,72;145,43;145,17;122,09;83,11;69,59;73,63;5,76;52,34;60,74;65,04;65,79;73,87
8,8;154,83;47,39;70,44;16,29;64,37;60,62;73,79;68,40;69,57;37,80;137,14;186,65;47,78;63,74;;61,72;145,68;143,96;120,90;83,11;69,24;70,75;5,74;92,20;87,55;65,63;65,79;71,79
9;153,89;46,30;71,48;17,41;64,41;61,11;71,91;66,67;68,37;41,06;137,14;186,19;47,78;64,29;;61,72;145,91;145,17;123,52;83,11;68,65;73,63;5,71;50,89;61,67;65,04;65,79;73,87
9,2;151,58;46,49;73,89;16,29;64,40;61,29;73,17;67,95;69,57;44,14;137,14;186,84;47,78;64,45;;61,72;146,78;143,96;123,50;83,11;69,24;70,75;5,67;50,24;60,60;65,63;65,79;71,79
9,4;147,65;46,44;71,64;17,41;64,41;60,77;71,31;66,51;68,37;107,26;137,14;186,65;47,78;63,09;;61,72;142,14;145,17;122,09;83,11;67,61;73,63;5,61;51,65;68,06;65,04;65,79;73,87
9,6;139,97;46,90;72,25;16,29;64,40;60,62;73,46;66,64;69,57;146,90;137,14;186,19;47,78;63,53;;61,72;143,72;143,96;120,90;83,11;68,41;70,75;5,70;102,22;40,55;65,63;65,79;71,79
9,8;131,27;47,17;71,39;17,41;64,36;183,05;71,30;67,41;68,37;51,88;137,14;186,84;47,78;63,23;;61,72;146,50;145,17;123,52;83,11;67,39;73,63;5,76;50,91;35,56;65,04;65,79;73,87
10;50,48;47,44;70,44;16,29;64,41;195,19;73,73;67,05;69,57;146,76;137,14;186,65;47,78;62,45;;61,72;146,86;143,96;123,50;83,11;67,08;70,75;5,81;104,25;33,53;65,63;65,79;71,79
10,2;132,47;47,38;71,48;17,41;64,40;207,23;71,41;69,86;68,37;109,04;137,14;186,19;47,78;62,43;;61,72;144,22;145,17;122,09;83,11;66,88;73,63;5,85;51,95;33,66;65,04;65,79;73,87
10,4;141,16;47,60;73,89;16,29;64,41;218,62;72,89;68,61;69,57;45,35;137,14;186,84;47,78;63,08;;61,72;145,56;143,96;120,90;83,11;66,09;70,75;5,89;50,92;37,05;65,63;65,79;71,79
10,6;147,40;47,76;71,64;17,41;64,39;207,22;71,71;65,87;68,37;45,95;137,14;186,65;92,96;63,40;;61,72;144,75;145,17;123,52;83,11;66,73;73,63;5,92;53,34;33,24;65,04;65,79;73,87
10,8;151,57;47,95;72,25;16,29;64,35;195,29;73,01;65,72;69,57;48,41;137,14;186,19;93,56;63,63;;61,72;144,18;143,96;123,50;83,11;65,08;70,75;5,96;50,89;35,85;65,63;65,79;71,79
11;153,66;52,31;71,39;17,41;64,41;180,95;72,70;67,31;68,37;47,41;137,14;186,84;93,72;64,70;;61,72;144,86;145,17;122,09;83,11;65,26;73,63;5,99;53,42;32,13;65,04;65,79;73,87
11,2;156,52;52,34;70,44;16,29;64,40;61,57;71,59;65,90;69,57;47,49;137,14;186,65;93,48;64,31;;61,72;145,38;143,96;120,90;83,11;65,38;70,75;6,02;53,67;38,95;65,63;65,79;71,79
11,4;154,66;52,46;71,48;17,41;64,41;61,53;72,45;66,02;68,37;45,26;137,14;186,19;93,15;64,12;;61,72;141,26;145,17;123,52;83,11;68,65;73,63;6,05;50,27;35,10;65,04;65,79;73,87
11,6;152,39;52,60;73,89;16,29;64,39;61,23;72,06;65,79;69,57;110,27;137,14;186,84;92,34;64,88;;61,72;141,77;143,96;123,50;83,11;67,68;70,75;6,08;50,26;42,29;65,63;65,79;71,79
11,8;149,06;51,40;71,64;17,41;64,33;62,28;73,64;65,97;68,37;46,78;137,14;186,65;49,61;63,54;;61,72;146,12;145,17;122,09;83,11;67,68;73,63;6,11;51,72;71,28;65,04;65,79;73,87
12;143,95;49,64;72,25;16,29;64,40;60,14;72,51;67,84;69,57;106,78;137,14;186,19;50,93;63,63;;61,72;145,34;143,96;120,90;83,11;67,71;70,75;6,13;50,30;63,58;65,63;65,79;71,79
12,2;136,16;50,53;71,39;17,41;64,40;61,23;72,68;67,28;68,37;115,14;137,14;186,84;49,53;63,45;;61,72;146,88;145,17;123,52;83,11;67,69;73,63;6,16;51,74;60,28;65,04;65,79;73,87
12,4;124,69;50,29;70,44;16,29;64,40;62,28;71,45;67,00;69,57;104,29;137,14;186,65;50,81;63,93;;61,72;144,62;143,96;123,50;83,11;67,81;70,75;6,19;58,30;84,74;65,63;65,79;71,79
12,6;125,05;50,21;71,48;17,41;64,39;60,14;73,26;67,72;68,37;42,29;137,14;186,19;49,60;63,81;;61,72;143,43;145,17;122,09;83,11;69,54;73,63;6,21;186,42;58,92;65,04;65,79;73,87
12,8;137,64;48,08;73,89;16,29;64,37;61,23;72,46;68,10;69,57;41,53;137,14;186,84;50,93;64,31;;61,72;145,93;143,96;120,90;83,11;67,94;70,75;6,24;49,44;59,87;65,63;65,79;71,79
13;143,90;47,94;71,64;17,41;64,39;62,28;72,73;67,03;68,37;41,07;137,14;186,65;49,53;64,03;;61,72;145,88;145,17;123,52;83,11;67,90;73,63;6,26;60,57;47,22;65,04;65,79;73,87
13,2;148,86;47,75;72,25;16,29;64,41;184,14;72,64;67,05;69,57;43,12;137,14;186,19;50,81;63,84;;61,72;146,78;143,96;123,50;83,11;67,90;70,75;6,29;92,63;35,64;65,63;65,79;71,79
13,4;153,35;47,59;71,39;17,41;64,40;196,34;72,88;66,78;68,37;46,37;137,14;186,84;49,60;63,15;;61,72;139,80;145,17;122,09;83,11;67,84;73,63;6,31;49,99;33,40;65,04;65,79;73,87
13,6;155,45;47,37;70,44;16,29;64,38;208,06;71,27;65,38;69,57;41,32;137,14;186,65;50,93;63,56;;61,72;140,55;143,96;120,90;83,11;67,06;70,75;6,34;51,15;34,78;65,63;65,79;71,79
13,8;155,75;47,17;71,48;17,41;64,40;217,85;72,12;66,63;68,37;109,70;137,14;186,19;49,53;63,96;;61,72;145,73;145,17;123,52;83,11;66,33;73,63;6,36;52,60;31,71;65,04;65,79;73,87
14;154,65;46,90;73,89;16,29;64,40;205,27;71,88;67,30;69,57;103,81;137,14;186,84;50,81;64,22;;61,72;146,47;143,96;123,50;83,11;65,01;70,75;6,39;51,24;33,91;65,63;65,79;71,79
14,2;150,55;46,63;71,64;17,41;64,41;193,96;74,45;65,88;68,37;51,60;137,14;186,65;49,60;64,21;;61,72;144,72;145,17;122,09;83,11;67,15;73,63;6,41;52,72;31,56;65,04;65,79;73,87
14,4;146,80;46,14;72,25;16,29;64,40;180,71;72,43;65,36;69,57;113,73;137,14;186,19;92,19;64,51;;61,72;142,54;143,96;120,90;83,11;66,66;70,75;6,44;50,08;31,32;65,63;65,79;71,79
14,6;139,97;46,23;71,39;17,41;64,37;61,33;72,37;64,97;68,37;104,64;137,14;186,84;93,05;63,95;;61,72;145,38;145,17;123,52;83,11;67,02;73,63;6,46;100,83;33,26;65,04;65,79;73,87
14,8;131,27;46,02;70,44;16,29;64,41;61,21;72,79;66,70;69,57;45,26;137,14;186,65;93,59;63,44;;61,72;144,35;143,96;123,50;83,11;67,13;70,75;6,49;56,37;32,74;65,63;65,79;71,79
15;50,48;46,27;71,48;17,41;64,40;61,11;74,12;66,16;68,37;45,15;137,14;186,19;93,38;63,50;;61,72;145,88;145,17;122,09;83,11;68,94;73,63;6,50;64,35;33,17;65,04;65,79;73,87
15,2;132,47;46,39;73,89;16,29;64,41;61,29;71,79;66,83;69,57;45,14;137,14;186,84;93,35;63,53;;61,72;147,08;143,96;120,90;83,11;69,58;70,75;6,49;102,54;41,23;65,63;65,79;71,79
15,4;141,16;46,49;71,64;17,41;64,40;60,77;72,72;67,18;68,37;45,99;137,14;186,65;92,78;64,00;;61,72;139,70;145,17;123,52;83,11;67,72;73,63;6,54;55,47;79,80;65,04;65,79;73,87
15,6;147,40;48,53;72,25;16,29;64,36;60,62;71,93;67,07;69,57;48,22;137,14;186,19;91,18;63,92;;61,72;139,63;143,96;123,50;83,11;70,04;70,75;6,59;51,86;59,63;65,63;65,79;71,79
15,8;151,57;48,68;71,39;17,41;64,41;61,11;70,75;66,72;68,37;45,25;137,14;186,84;50,20;64,14;;61,72;145,54;145,17;122,09;83,11;69,64;73,63;6,61;50,76;62,99;65,04;65,79;73,87
16;153,66;49,10;70,44;16,29;64,40;61,29;71,71;67,30;69,57;113,10;137,14;186,65;47,78;64,11;;61,72;145,65;143,96;120,90;83,11;70,31;70,75;6,64;52,27;61,09;65,63;65,79;71,79
16,2;156,52;48,35;71,48;17,41;64,41;60,77;72,09;66,86;68,37;113,02;137,14;186,19;49,57;63,71;;61,72;144,76;145,17;123,52;83,11;70,10;73,63;6,66;52,33;61,80;65,04;65,79;73,87
16,4;154,66;48,46;73,89;16,29;64,39;60,62;72,73;67,45;69,57;119,90;137,14;186,84;48,74;63,49;;61,72;145,01;143,96;123,50;83,11;69,96;70,75;6,69;51,33;86,82;65,63;65,79;71,79
16,6;152,39;48,62;71,64;17,41;64,35;184,04;71,56;67,06;68,37;113,70;137,14;186,65;47,78;63,35;;61,72;142,73;145,17;122,09;83,11;70,08;73,63;6,71;53,26;44,57;65,04;65,79;73,87
16,8;149,06;48,72;72,25;16,29;64,41;197,50;71,26;66,96;69,57;42,93;137,14;186,19;47,78;62,79;;61,72;144,55;143,96;120,90;83,11;69,98;70,75;6,74;52,18;37,00;65,63;65,79;71,79
17;143,95;48,85;71,39;17,41;64,40;209,29;73,78;68,54;68,37;40,91;137,14;186,84;47,78;62,46;;61,72;145,89;145,17;123,52;83,11;70,00;73,63;6,76;50,90;36,24;65,04;65,79;73,87
17,2;136,16;48,92;70,44;16,29;64,41;217,43;72,54;66,85;69,57;41,33;137,14;186,65;47,78;63,27;;61,72;145,96;143,96;123,50;83,11;69,97;70,75;6,79;51,27;34,71;65,63;65,79;71,79
17,4;124,69;49,02;71,48;17,41;64,39;204,69;71,92;67,16;68,37;44,90;137,14;186,19;47,78;63,30;;61,72;141,39;145,17;122,09;83,11;69,98;73,63;6,81;53,94;36,01;65,04;65,79;73,87
17,6;125,05;49,06;73,89;16,29;64,33;193,60;71,93;66,91;69,57;39,80;137,14;186,84;47,78;63,53;;61,72;142,43;143,96;120,90;83,11;69,83;70,75;6,84;49,61;34,95;65,63;65,79;71,79
17,8;137,64;51,49;71,64;17,41;64,40;180,19;72,44;67,08;68,37;42,55;137,14;186,65;47,78;64,31;;61,72;145,31;145,17;123,52;83,11;69,67;73,63;6,86;101,42;35,11;65,04;65,79;73,87
18;143,90;51,52;72,25;16,29;64,40;60,39;70,08;66,72;69,57;45,52;137,14;186,19;47,78;64,08;;61,72;144,20;143,96;123,50;83,11;69,64;70,75;6,89;49,65;35,35;65,63;65,79;71,79
18,2;148,86;52,42;71,39;17,41;64,40;62,28;74,64;66,92;68,37;113,21;137,14;186,84;47,78;64,68;;61,72;145,48;145,17;122,09;83,11;69,79;73,63;6,91;94,41;36,38;65,04;65,79;73,87
18,4;153,35;55,66;70,44;16,29;64,39;60,14;71,48;67,21;69,57;104,14;137,14;186,65;92,44;64,07;;61,72;145,19;143,96;120,90;83,11;68,55;70,75;6,94;49,52;34,51;65,63;65,79;71,79
18,6;155,45;54,64;71,48;17,41;64,37;61,23;73,01;68,02;68,37;106,85;137,14;186,19;93,50;63,59;;61,72;145,93;145,17;123,52;83,11;70,50;73,63;6,96;50,77;36,89;65,04;65,79;73,87
18,8;155,59;55,01;73,89;16,29;64,39;62,28;72,25;66,97;69,57;109,34;137,14;186,84;93,31;63,50;;61,72;145,76;143,96;123,50;83,11;70,39;70,75;6,99;70,56;50,04;65,63;65,79;71,79
19;153,76;55,81;71,64;17,41;64,41;60,14;73,42;67,53;68,37;45,46;137,14;186,65;93,43;64,94;;61,72;146,44;145,17;122,09;83,11;68,88;73,63;7,01;50,68;65,20;65,04;65,79;73,87
19,2;151,11;56,26;72,25;16,29;64,40;61,23;72,51;69,08;69,57;45,29;137,14;186,19;92,97;64,59;;61,72;146,01;143,96;120,90;83,11;69,97;70,75;7,04;51,33;61,51;65,63;65,79;71,79
19,4;147,68;55,19;71,39;17,41;64,38;62,28;73,94;68,26;68,37;44,75;137,14;186,84;92,20;64,39;;61,72;142,35;145,17;123,52;83,11;69,47;73,63;7,06;51,99;85,96;65,04;65,79;73,87
19,6;141,53;55,05;70,44;16,29;64,39;60,14;71,27;66,38;69,57;45,49;137,14;186,65;50,89;64,35;;61,72;142,51;143,96;123,50;83,11;69,31;70,75;7,09;103,20;55,96;65,63;65,79;71,79
19,8;131,15;55,72;71,48;17,41;64,40;61,23;71,84;66,43;68,37;46,12;137,14;186,19;49,23;64,06;;61,72;146,24;145,17;122,09;83,11;68,73;73,63;7,11;140,39;58,03;65,04;65,79;73,87
20;50,48;55,05;73,89;16,29;64,41;184,06;71,87;67,97;69,57;45,33;137,14;186,84;50,81;63,67;;61,72;144,29;143,96;120,90;83,11;68,19;70,75;7,14;62,50;61,67;65,63;65,79;71,79
20,2;132,47;54,75;71,64;17,41;64,40;196,90;71,55;66,54;68,37;46,14;137,14;186,65;49,60;63,20;;61,72;145,04;145,17;123,52;83,11;68,72;73,63;7,16;211,11;39,67;65,04;65,79;73,87
20,4;141,16;54,47;72,25;16,29;64,37;209,84;69,89;68,39;69,57;108,94;137,14;186,19;50,93;63,43;;61,72;144,15;143,96;123,50;83,11;69,08;70,75;7,19;57,67;35,06;65,63;65,79;71,79
20,6;147,40;54,65;71,39;17,41;64,41;216,80;71,01;67,91;68,37;53,50;137,14;186,84;49,53;64,19;;61,72;144,96;145,17;122,09;83,11;69,18;73,63;7,21;51,37;36,84;65,04;65,79;73,87
20,8;151,13;54,11;70,44;16,29;64,40;204,01;71,47;69,21;69,57;43,07;137,14;186,65;50,81;64,11;;61,72;144,28;143,96;120,90;83,11;69,44;70,75;7,24;52,29;30,98;65,63;65,79;71,79
21;153,89;54,12;71,48;17,41;64,41;192,21;72,48;67,35;68,37;107,87;137,14;186,19;49,60;64,30;;61,72;145,87;145,17;123,52;83,11;69,91;73,63;7,26;52,18;30,65;65,04;65,79;73,87
21,2;155,11;54,16;73,89;16,29;64,40;178,66;72,00;69,17;69,57;44,97;137,14;186,84;50,93;64,44;;61,72;146,21;143,96;123,50;83,11;70,23;70,75;7,29;52,69;30,39;65,63;65,79;71,79
21,4;155,81;54,13;71,64;17,41;64,37;60,04;70,76;66,18;68,37;42,26;137,14;186,65;49,53;64,54;;61,72;141,82;145,17;122,09;83,11;70,13;73,63;7,31;53,10;34,34;65,04;65,79;73,87
21,6;153,32;55,91;72,25;16,29;64,41;60,62;71,75;67,41;69,57;39,54;137,14;186,19;50,81;63,98;;61,72;142,36;143,96;120,90;83,11;70,30;70,75;7,34;51,56;31,08;65,63;65,79;71,79
21,8;149,21;55,20;71,39;17,41;64,40;61,11;73,11;67,31;68,37;43,10;137,14;186,84;49,60;63,52;;61,72;144,47;145,17;123,52;83,11;70,30;73,63;7,36;51,63;38,25;65,04;65,79;73,87
22;144,06;54,35;70,44;16,29;64,41;61,29;73,88;67,78;69,57;39,65;137,14;186,65;50,93;63,54;;61,72;145,20;143,96;123,50;83,11;70,60;70,75;7,39;51,41;37,36;65,63;65,79;71,79
22,2;135,18;55,35;71,48;17,41;64,39;60,77;72,61;69,28;68,37;44,96;137,14;186,19;92,24;63,34;;61,72;145,29;145,17;122,09;83,11;70,28;73,63;7,41;51,52;40,73;65,04;65,79;73,87
22,4;125,11;55,14;73,89;16,29;64,35;60,62;72,34;67,75;69,57;101,52;137,14;186,84;92,83;64,97;;61,72;145,92;143,96;120,90;83,11;70,58;70,75;7,44;54,57;61,04;65,63;65,79;71,79
22,6;124,75;54,64;71,64;17,41;64,41;61,11;73,72;67,87;68,37;113,13;137,14;186,65;93,02;64,50;;61,72;145,21;145,17;123,52;83,11;70,22;73,63;7,46;52,86;56,88;65,04;65,79;73,87
22,8;136,41;54,55;72,25;16,29;64,40;61,29;73,69;68,60;69,57;50,46;137,14;186,19;92,50;63,94;;61,72;144,79;143,96;123,50;83,11;69,73;70,75;7,49;204,58;56,68;65,63;65,79;71,79
23;143,99;54,24;71,39;17,41;64,41;60,77;72,80;67,58;68,37;110,49;137,14;186,84;93,33;63,09;;61,72;148,29;145,17;122,09;83,11;69,30;73,63;7,51;60,17;86,38;65,04;65,79;73,87
23,2;149,27;54,10;70,44;16,29;64,39;60,62;73,21;68,40;69,57;109,45;137,14;186,65;93,00;63,37;;61,72;145,56;143,96;120,90;83,11;69,13;70,75;7,54;97,84;61,67;65,63;65,79;71,79
23,4;152,94;53,45;71,48;17,41;64,33;185,77;72,08;66,68;68,37;46,21;137,14;186,19;91,11;62,84;;61,72;143,98;145,17;123,52;83,11;68,95;73,63;7,57;94,51;66,09;65,04;65,79;73,87
23,6;154,64;53,25;73,89;16,29;64,41;198,03;72,09;66,54;69,57;45,14;137,14;186,84;47,96;62,30;;61,72;143,16;143,96;123,50;83,11;68,69;70,75;7,59;50,44;52,90;65,63;65,79;71,79
23,8;156,17;52,85;71,64;17,41;64,40;211,40;70,35;66,54;68,37;45,19;137,14;186,65;47,78;62,69;;61,72;146,18;145,17;122,09;83,11;68,25;73,63;7,62;52,29;35,69;65,04;65,79;73,87
24;153,40;52,73;72,25;16,29;64,40;215,20;72,30;69,74;69,57;48,11;137,14;186,19;47,78;63,26;;61,72;146,11;143,96;120,90;83,11;68,87;70,75;7,64;64,24;36,75;65,63;65,79;71,79
24,2;151,11;52,14;71,39;17,41;64,39;203,00;72,05;69,77;68,37;47,44;137,14;186,84;47,78;63,50;;61,72;147,23;145,17;123,52;83,11;68,95;73,63;7,67;65,59;32,81;65,04;65,79;73,87
24,4;147,68;51,64;70,44;16,29;64,37;191,55;72,57;69,75;69,57;46,74;137,14;186,65;47,78;63,32;;61,72;146,20;143,96;123,50;83,11;69,61;70,75;7,67;50,94;30,42;65,63;65,79;71,79
24,6;141,53;51,22;71,48;17,41;64,39;177,95;72,84;67,13;68,37;110,72;137,14;186,19;47,78;64,47;;61,72;144,55;145,17;122,09;83,11;70,07;73,63;7,67;52,53;37,93;65,04;65,79;73,87
24,8;131,15;51,29;73,89;16,29;64,41;60,16;73,72;66,83;69,57;145,43;137,14;186,84;47,78;64,43;;61,72;145,60;143,96;120,90;83,11;68,68;70,75;7,67;102,11;38,56;65,63;65,79;71,79
25;50,48;51,71;71,64;17,41;64,40;61,23;72,68;68,31;68,37;121,01;137,14;186,65;47,78;64,51;;61,72;145,85;145,17;123,52;83,11;69,65;73,63;7,74;64,96;37,61;65,04;65,79;73,87
25,2;132,47;49,60;72,25;16,29;64,38;62,28;72,74;66,75;69,57;109,03;137,14;186,19;47,78;64,08;;61,72;145,24;143,96;123,50;83,11;68,48;70,75;9,33;208,74;37,77;65,63;65,79;71,79
25,4;141,16;49,77;71,39;17,41;64,39;60,14;72,53;67,68;68,37;102,15;137,14;186,84;47,78;63,75;;61,72;144,00;145,17;122,09;83,11;69,87;73,63;9,28;51,55;35,65;65,04;65,79;73,87
25,6;147,40;49,98;70,44;16,29;64,40;61,23;72,00;65,88;69,57;41,76;137,14;186,65;47,78;63,49;;61,72;144,43;143,96;120,90;83,11;70,39;70,75;9,43;52,34;39,93;65,63;65,79;71,79
25,8;151,13;49,67;71,48;17,41;64,41;62,28;71,48;66,04;68,37;41,33;137,14;186,19;47,78;63,53;;61,72;146,09;145,17;123,52;83,11;69,61;73,63;9,35;52,38;44,69;65,04;65,79;73,87
26;153,89;49,27;73,89;16,29;64,40;60,14;71,94;65,82;69,57;44,87;137,14;186,84;47,78;63,45;;61,72;146,43;143,96;123,50;83,11;69,64;70,75;9,46;51,92;78,29;65,63;65,79;71,79
26,2;155,11;49,00;71,64;17,41;64,37;61,23;72,12;65,97;68,37;37,80;137,14;186,65;92,80;64,44;;61,72;145,61;145,17;122,09;83,11;69,66;73,63;9,38;51,42;61,87;65,04;65,79;73,87
26,4;155,81;48,80;72,25;16,29;64,41;62,28;71,85;67,49;69,57;41,06;137,14;186,19;93,45;64,27;;61,72;147,33;143,96;120,90;83,11;69,68;70,75;9,48;52,82;62,58;65,63;65,79;71,79
26,6;153,32;47,40;71,39;17,41;64,40;140,08;72,04;67,06;68,37;44,14;137,14;186,84;93,47;64,37;;61,72;145,30;145,17;123,52;83,11;69,68;73,63;9,40;52,07;62,01;65,04;65,79;73,87
26,8;149,21;47,22;70,44;16,29;64,41;184,74;72,54;68,48;69,57;107,12;137,14;186,65;93,52;63,71;;61,72;145,37;143,96;123,50;83,11;69,81;70,75;9,50;50,21;57,13;65,63;65,79;71,79
27;144,06;47,23;71,48;17,41;64,40;198,57;72,44;67,69;68,37;146,54;137,14;186,19;93,22;62,69;;61,72;145,60;145,17;122,09;83,11;69,67;73,63;9,41;51,87;77,27;65,04;65,79;73,87
27,2;135,18;46,70;73,89;16,29;64,37;210,90;71,72;67,40;69,57;47,51;137,14;186,84;92,77;63,67;;61,72;145,60;143,96;120,90;83,11;69,66;70,75;9,51;49,80;39,53;65,63;65,79;71,79
27,4;125,11;46,69;71,64;17,41;64,41;215,61;72,10;67,03;68,37;149,29;137,14;186,65;49,54;63,75;;61,72;143,75;145,17;123,52;83,11;69,64;73,63;9,42;57,50;29,29;65,04;65,79;73,87
27,6;124,75;46,78;72,25;16,29;64,40;203,18;70,92;66,67;69,57;105,56;137,14;186,19;50,81;64,43;;61,72;145,06;143,96;123,50;83,11;69,59;70,75;9,52;58,04;35,81;65,63;65,79;71,79
27,8;136,41;46,87;71,39;17,41;64,41;190,46;72,54;66,80;68,37;45,88;137,14;186,84;49,60;64,61;;61,72;145,19;145,17;122,09;83,11;69,57;73,63;9,43;48,58;31,47;65,04;65,79;73,87
28;143,99;46,55;70,44;16,29;64,39;177,22;71,55;65,43;69,57;45,95;137,14;186,65;50,93;64,71;;61,72;145,55;143,96;120,90;83,11;69,76;70,75;9,52;64,41;34,44;65,63;65,79;71,79
28,2;149,27;46,78;71,48;17,41;64,35;61,04;72,56;66,65;68,37;48,40;137,14;186,19;49,53;63,93;;61,72;146,27;145,17;123,52;83,11;68,80;73,63;9,43;60,59;31,79;65,04;65,79;73,87
28,4;152,94;46,41;73,89;16,29;64,41;60,77;71,91;67,00;69,57;48,17;137,14;186,84;50,81;63,48;;61,72;147,04;143,96;123,50;83,11;68,35;70,75;9,53;92,86;34,12;65,63;65,79;71,79
28,6;154,64;46,70;71,64;17,41;64,40;60,62;70,61;66,25;68,37;47,47;137,14;186,65;49,60;63,53;;61,72;143,56;145,17;122,09;83,11;68,98;73,63;9,44;51,01;32,75;65,04;65,79;73,87
28,8;156,17;47,52;72,25;16,29;64,41;61,11;73,42;65,27;69,57;45,26;137,14;186,19;50,93;63,54;;61,72;145,52;143,96;120,90;83,11;68,03;70,75;9,53;51,40;34,45;65,63;65,79;71,79
29;153,40;47,20;71,39;17,41;64,39;61,29;70,75;65,39;68,37;110,15;137,14;186,84;49,53;64,14;;61,72;146,41;145,17;123,52;83,11;66,01;73,63;9,44;52,90;31,84;65,04;65,79;73,87
29,2;151,11;48,09;70,44;16,29;64,34;60,77;71,11;66,68;69,57;113,37;137,14;186,65;50,81;64,17;;61,72;146,38;143,96;123,50;83,11;67,29;70,75;9,54;50,61;36,95;65,63;65,79;71,79
29,4;147,68;48,46;71,48;17,41;64,41;60,62;73,67;66,97;68,37;106,78;137,14;186,19;49,60;64,33;;61,72;145,05;145,17;122,09;83,11;66,72;73,63;9,45;51,99;47,24;65,04;65,79;73,87
29,6;141,53;48,14;73,89;16,29;64,40;61,11;71,25;65,39;69,57;115,36;137,14;186,84;50,93;63,93;;61,72;143,94;143,96;120,90;83,11;66,79;70,75;9,54;51,25;61,88;65,63;65,79;71,79
29,8;131,15;48,17;71,64;17,41;64,40;61,29;71,74;65,26;68,37;104,41;137,14;186,65;49,53;63,63;;61,72;143,88;145,17;123,52;83,11;66,65;73,63;9,45;101,56;59,16;65,04;65,79;73,87
30;50,48;48,37;72,25;16,29;64,39;174,22;72,01;65,55;69,57;42,29;137,14;186,19;92,31;63,54;;61,72;144,80;143,96;123,50;83,11;65,15;70,75;9,55;59,63;86,57;65,63;65,79;71,79
30,2;132,47;49,01;71,39;17,41;64,37;186,26;71,60;65,59;68,37;41,52;137,14;186,84;92,94;63,33;;61,72;146,27;145,17;122,09;83,11;65,33;73,63;9,46;102,82;62,29;65,04;65,79;73,87
30,4;141,16;48,86;70,44;16,29;64,39;200,11;72,19;66,82;69,57;41,07;137,14;186,65;93,42;62,30;;61,72;147,64;143,96;120,90;83,11;65,41;70,75;9,55;179,43;62,31;65,63;65,79;71,79
30,6;147,40;44,14;71,48;17,41;64,41;211,70;71,39;67,08;68,37;43,12;137,14;186,19;93,04;62,80;;61,72;143,79;145,17;123,52;83,11;68,66;73,63;9,46;54,01;64,32;65,04;65,79;73,87
30,8;151,13;43,36;73,89;16,29;64,40;213,01;72,71;67,11;69,57;44,82;137,14;186,84;93,32;62,84;;61,72;145,81;143,96;123,50;83,11;67,69;70,75;9,56;54,00;41,20;65,63;65,79;71,79
31;153,89;44,66;71,64;17,41;64,38;200,47;73,32;66,56;68,37;41,34;137,14;186,65;92,53;63,30;;61,72;147,37;145,17;122,09;83,11;67,68;73,63;9,47;50,61;36,81;65,04;65,79;73,87
31,2;155,11;43,46;72,25;16,29;64,39;189,08;72,89;66,55;69,57;109,41;137,14;186,19;91,69;63,78;;61,72;147,30;143,96;120,90;83,11;67,71;70,75;9,57;50,85;36,78;65,63;65,79;71,79
31,4;155,81;42,99;71,39;17,41;64,40;176,87;72,19;66,82;68,37;103,77;137,14;186,84;50,31;64,37;;61,72;145,43;145,17;123,52;83,11;67,70;73,63;9,48;52,36;35,82;65,04;65,79;73,87
31,6;153,32;43,29;70,44;16,29;64,41;61,25;72,33;68,51;69,57;51,90;137,14;186,65;47,78;64,15;;61,72;145,50;143,96;123,50;83,11;69,41;70,75;9,57;51,19;33,41;65,63;65,79;71,79
31,8;149,21;42,55;71,48;17,41;64,40;61,03;70,53;66,34;68,37;144,07;137,14;186,19;47,78;64,71;;61,72;144,27;145,17;122,09;83,11;67,94;73,63;9,48;52,34;33,77;65,04;65,79;73,87
32;144,06;42,22;73,89;16,29;64,37;61,23;72,26;66,89;69,57;104,70;137,14;186,84;47,78;64,16;;61,72;144,14;143,96;120,90;83,11;67,94;70,75;9,58;51,05;34,90;65,63;65,79;71,79
32,2;135,18;42,11;71,64;17,41;64,41;62,28;73,43;67,81;68,37;45,26;137,14;186,65;47,78;63,80;;61,72;146,31;145,17;123,52;83,11;67,89;73,63;9,49;50,96;35,10;65,04;65,79;73,87
32,4;125,11;41,88;72,25;16,29;64,40;60,14;72,72;67,11;69,57;45,15;137,14;186,19;47,78;63,52;;61,72;146,28;143,96;123,50;83,11;67,89;70,75;9,58;53,67;35,96;65,63;65,79;71,79
32,6;124,75;41,84;71,39;17,41;64,41;61,23;73,17;66,98;68,37;45,13;137,14;186,84;47,78;64,69;;61,72;144,91;145,17;122,09;83,11;65,85;73,63;9,49;50,69;34,27;65,04;65,79;73,87
32,8;136,41;41,34;70,44;16,29;64,40;62,28;70,70;68,15;69,57;45,99;137,14;186,65;47,78;64,00;;61,72;144,76;143,96;120,90;83,11;65,28;70,75;9,59;98,15;39,92;65,63;65,79;71,79
33;143,99;41,61;71,48;17,41;64,37;60,14;71,94;67,88;68,37;48,22;137,14;186,19;47,78;64,30;;61,72;146,42;145,17;123,52;83,11;65,14;73,63;9,50;100,16;63,74;65,04;65,79;73,87
33,2;149,27;41,02;73,89;16,29;64,41;61,23;70,83;69,70;69,57;45,25;137,14;186,84;47,78;63,84;;61,72;146,42;143,96;123,50;83,11;67,38;70,75;9,59;64,15;62,77;65,63;65,79;71,79
33,4;152,94;40,61;71,64;17,41;64,40;175,93;72,69;67,80;68,37;112,96;137,14;186,65;47,78;64,23;;61,72;145,75;145,17;122,09;83,11;66,30;73,63;9,50;93,81;60,10;65,04;65,79;73,87
33,6;154,64;40,47;72,25;16,29;64,41;187,14;70,30;67,01;69,57;112,67;137,14;186,19;47,78;63,24;;61,72;146,37;143,96;120,90;83,11;66,59;70,75;9,60;50,60;84,89;65,63;65,79;71,79
33,8;156,17;40,32;71,39;17,41;64,40;200,21;71,58;67,22;68,37;46,90;137,14;186,84;47,78;62,85;;61,72;143,03;145,17;123,52;83,11;66,92;73,63;9,51;51,13;59,53;65,04;65,79;73,87
34;153,40;40,37;70,44;16,29;64,36;212,51;71,85;68,67;69,57;113,98;137,14;186,65;92,70;63,65;;61,72;144,85;143,96;123,50;83,11;67,47;70,75;9,60;75,22;63,35;65,63;65,79;71,79
34,2;151,11;40,41;71,48;17,41;64,41;212,89;72,61;66,31;68,37;42,92;137,14;186,19;93,34;63,76;;61,72;145,06;145,17;122,09;83,11;68,06;73,63;9,51;50,76;50,25;65,04;65,79;73,87
34,4;147,68;40,14;73,89;16,29;64,40;200,61;71,28;66,61;69,57;40,91;137,14;186,84;93,12;64,45;;61,72;146,14;143,96;120,90;83,11;68,02;70,75;9,61;51,45;37,21;65,63;65,79;71,79
34,6;141,53;40,19;71,64;17,41;64,41;189,05;72,68;65,29;68,37;41,33;137,14;186,65;93,57;64,60;;61,72;143,55;145,17;123,52;83,11;68,95;73,63;9,52;51,22;33,27;65,04;65,79;73,87
34,8;131,15;40,29;72,25;16,29;64,39;175,94;72,95;68,10;69,57;44,90;137,14;186,19;92,21;64,12;;61,72;144,54;143,96;123,50;83,11;69,67;70,75;9,61;102,22;35,16;65,63;65,79;71,79
35;50,48;40,77;71,39;17,41;64,34;60,14;72,52;68,17;68,37;39,80;137,14;186,84;92,14;63,46;;61,72;144,84;145,17;122,09;83,11;69,56;73,63;9,52;58,06;28,15;65,04;65,79;73,87
35,2;132,47;40,77;70,44;16,29;64,41;61,19;72,70;68,24;69,57;42,55;137,14;186,65;50,89;63,50;;61,72;145,48;143,96;120,90;83,11;70,42;70,75;9,61;62,50;35,10;65,63;65,79;71,79
35,4;141,16;41,39;71,48;17,41;64,40;61,29;72,39;67,48;68,37;45,55;137,14;186,19;49,23;63,53;;61,72;145,26;145,17;123,52;83,11;69,61;73,63;9,52;52,05;34,46;65,04;65,79;73,87
35,6;147,40;41,44;73,89;16,29;64,40;60,77;72,44;67,54;69,57;108,75;137,14;186,84;50,81;63,60;;61,72;144,58;143,96;123,50;83,11;69,67;70,75;9,62;52,55;33,26;65,63;65,79;71,79
35,8;151,13;41,58;71,64;17,41;64,39;60,62;71,39;66,84;68,37;104,08;137,14;186,65;49,60;63,46;;61,72;143,50;145,17;122,09;83,11;69,77;73,63;9,52;51,23;31,52;65,04;65,79;73,87
36;153,89;41,59;72,25;16,29;64,37;61,11;73,13;66,85;69,57;123,56;137,14;186,19;50,93;64,17;;61,72;143,88;143,96;120,90;83,11;69,70;70,75;9,62;51,78;32,17;65,63;65,79;71,79
36,2;155,11;42,15;71,39;17,41;64,39;61,29;71,46;67,33;68,37;110,13;137,14;186,84;49,53;63,87;;61,72;146,71;145,17;123,52;83,11;69,70;73,63;9,52;52,12;34,72;65,04;65,79;73,87
36,4;155,81;42,18;70,44;16,29;64,41;60,77;70,61;69,13;69,57;45,49;137,14;186,65;50,81;63,25;;61,72;145,85;143,96;123,50;83,11;69,70;70,75;9,62;52,93;43,36;65,63;65,79;71,79
36,6;153,32;42,14;71,48;17,41;64,40;60,62;72,19;69,24;68,37;45,36;137,14;186,19;49,60;63,59;;61,72;143,60;145,17;122,09;83,11;69,70;73,63;9,52;51,23;79,69;65,04;65,79;73,87
36,8;149,21;42,10;73,89;16,29;64,38;175,87;71,68;68,48;69,57;44,68;137,14;186,84;50,93;62,82;;61,72;145,60;143,96;120,90;83,11;69,68;70,75;9,61;50,19;61,38;65,63;65,79;71,79
37;144,06;46,20;71,64;17,41;64,39;190,88;73,17;67,75;68,37;47,59;137,14;186,65;49,53;63,16;;61,72;145,47;145,17;123,52;83,11;69,66;73,63;9,52;51,78;68,95;65,04;65,79;73,87
37,2;135,18;44,88;72,25;16,29;64,40;200,72;72,69;68,37;69,57;46,06;137,14;186,19;50,81;61,86;;61,72;145,91;143,96;123,50;83,11;69,63;70,75;9,61;52,52;62,15;65,63;65,79;71,79
37,4;125,11;44,04;71,39;17,41;64,41;213,06;71,75;67,83;68,37;45,33;137,14;186,84;49,60;62,90;;61,72;145,30;145,17;122,09;83,11;68,93;73,63;9,51;50,26;59,82;65,04;65,79;73,87
37,6;124,75;45,40;70,44;16,29;64,40;212,46;71,51;68,02;69,57;46,13;137,14;186,65;50,93;63,52;;61,72;146,55;143,96;120,90;83,11;70,96;70,75;9,60;54,64;80,99;65,63;65,79;71,79
37,8;136,41;44,19;71,48;17,41;64,38;198,99;71,64;66,38;68,37;108,77;137,14;186,19;92,24;63,45;;61,72;142,44;145,17;123,52;83,11;69,45;73,63;13,29;52,76;43,97;65,04;65,79;73,87
38;143,99;43,36;73,89;16,29;64,40;186,63;72,87;66,53;69,57;120,14;137,14;186,84;92,84;64,20;;61,72;142,19;143,96;123,50;83,11;68,39;70,75;13,75;202,93;39,56;65,63;65,79;71,79
38,2;149,27;43,54;71,64;17,41;64,40;174,78;73,23;66,59;68,37;43,07;137,14;186,65;93,25;64,35;;61,72;144,60;145,17;122,09;83,11;69,03;73,63;15,30;62,42;36,03;65,04;65,79;73,87
38,4;152,94;43,73;72,25;16,29;64,41;60,78;71,91;69,00;69,57;107,98;137,14;186,19;92,96;64,06;;61,72;146,98;143,96;120,90;83,11;69,28;70,75;14,88;99,09;39,92;65,63;65,79;71,79
38,6;154,64;43,83;71,39;17,41;64,40;61,26;72,19;67,24;68,37;44,94;137,14;186,84;93,57;63,51;;61,72;144,81;145,17;123,52;83,11;70,62;73,63;14,98;49,31;36,62;65,04;65,79;73,87
38,8;156,17;46,14;70,44;16,29;64,37;61,03;72,63;67,32;69,57;42,26;137,14;186,65;92,82;63,77;;61,72;146,05;143,96;123,50;83,11;70,04;70,75;15,19;51,47;34,38;65,63;65,79;71,79
39;153,40;45,43;71,48;17,41;64,41;61,23;72,91;68,24;68,37;41,54;137,14;186,19;91,25;63,92;;61,72;143,65;145,17;122,09;83,11;68,57;73,63;15,24;52,97;35,67;65,04;65,79;73,87
39,2;151,11;45,53;73,89;16,29;64,40;62,28;73,21;68,23;69,57;43,10;137,14;186,84;50,30;63,51;;61,72;146,11;143,96;120,90;83,11;68,52;70,75;16,18;50,14;34,71;65,63;65,79;71,79
39,4;147,68;45,40;71,64;17,41;64,41;60,14;74,76;67,17;68,37;39,65;137,14;186,65;47,78;63,47;;61,72;145,28;145,17;123,52;83,11;68,84;73,63;16,43;52,56;35,48;65,04;65,79;73,87
39,6;141,53;45,41;72,25;16,29;64,40;61,23;72,12;67,38;69,57;43,96;137,14;186,19;47,78;64,49;;61,72;145,29;143,96;123,50;83,11;68,95;70,75;16,65;49,60;37,06;65,63;65,79;71,79
39,8;131,15;44,45;71,39;17,41;64,36;62,28;70,00;67,32;68,37;41,63;137,14;186,84;47,78;64,35;;61,72;142,38;145,17;122,09;83,11;69,13;73,63;16,70;52,40;37,38;65,04;65,79;73,87
40;50,48;44,78;70,44;16,29;64,41;60,14;71,60;65,83;69,57;115,64;137,14;186,65;47,78;64,05;;61,72;142,09;143,96;120,90;83,11;69,61;70,75;16,94;100,70;53,97;65,63;65,79;71,79
40,2;132,47;44,94;71,48;17,41;64,40;176,86;72,90;65,93;68,37;50,31;137,14;186,19;47,78;63,92;;61,72;145,94;145,17;123,52;83,11;70,20;73,63;16,98;62,63;65,97;65,04;65,79;73,87
40,4;141,16;45,04;73,89;16,29;64,41;190,30;72,70;64,91;69,57;111,56;137,14;186,84;47,78;63,73;;61,72;146,84;143,96;123,50;83,11;70,25;70,75;17,14;214,94;61,79;65,63;65,79;71,79
40,6;147,40;45,19;71,64;17,41;64,39;201,78;72,30;67,31;68,37;109,57;137,14;186,65;47,78;63,30;;61,72;144,85;145,17;122,09;83,11;70,15;73,63;17,16;52,91;87,43;65,04;65,79;73,87
40,8;151,13;45,19;72,25;16,29;64,34;215,63;70,67;66,83;69,57;46,22;137,14;186,19;47,78;63,89;;61,72;144,96;143,96;120,90;83,11;70,30;70,75;17,31;51,78;56,47;65,63;65,79;71,79
41;153,89;45,12;71,39;17,41;64,41;211,10;71,40;68,33;68,37;45,14;137,14;186,84;47,78;63,99;;61,72;146,02;145,17;123,52;83,11;70,30;73,63;17,32;51,68;57,95;65,04;65,79;73,87
41,2;155,11;45,12;70,44;16,29;64,40;199,25;71,81;67,08;69,57;45,19;137,14;186,65;47,78;64,21;;61,72;145,37;143,96;123,50;83,11;70,60;70,75;17,47;51,58;58,38;65,63;65,79;71,79
41,4;155,42;45,51;71,48;17,41;64,40;186,70;72,29;65,44;68,37;48,10;137,14;186,19;47,78;64,39;;61,72;146,12;145,17;122,09;83,11;70,28;73,63;17,81;52,70;37,83;65,04;65,79;73,87
41,6;151,56;45,80;73,89;16,29;64,39;140,75;73,25;67,89;69,57;47,43;137,14;186,84;47,78;64,48;;61,72;145,37;143,96;120,90;83,11;70,58;70,75;17,46;50,65;35,40;65,63;65,79;71,79
41,8;149,37;45,63;71,64;17,41;64,36;60,77;71,20;68,42;68,37;46,73;137,14;186,65;92,85;64,09;;61,72;140,38;145,17;123,52;83,11;70,20;73,63;17,18;50,90;39,13;65,04;65,79;73,87
42;144,12;45,85;72,25;16,29;64,39;60,28;72,18;66,86;69,57;110,62;137,14;186,19;93,51;63,59;;61,72;138,91;143,96;123,50;83,11;69,71;70,75;17,33;53,00;31,99;65,63;65,79;71,79
42,2;136,16;46,45;71,39;17,41;64,41;60,55;71,39;66,79;68,37;145,14;137,14;186,84;93,64;63,51;;61,72;145,67;145,17;122,09;83,11;69,25;73,63;17,40;49,35;32,58;65,04;65,79;73,87
42,4;124,81;47,11;70,44;16,29;64,40;60,95;73,35;66,45;69,57;52,22;137,14;186,65;93,55;63,52;;61,72;146,39;143,96;120,90;83,11;69,06;70,75;17,41;49,67;29,77;65,63;65,79;71,79
42,6;124,77;47,31;71,48;17,41;64,38;60,77;70,71;66,75;68,37;109,30;137,14;186,19;93,26;64,10;;61,72;145,12;145,17;123,52;83,11;68,86;73,63;17,37;52,76;34,54;65,04;65,79;73,87
42,8;137,00;47,39;73,89;16,29;64,39;60,62;74,12;67,02;69,57;102,24;137,14;186,84;92,35;64,01;;61,72;146,76;143,96;123,50;83,11;68,56;70,75;17,32;50,40;30,76;65,63;65,79;71,79
43;143,96;48,28;71,64;17,41;64,40;61,11;72,74;65,61;68,37;41,77;137,14;186,65;49,69;64,67;;61,72;145,26;145,17;122,09;83,11;68,48;73,63;17,52;206,68;36,22;65,04;65,79;73,87
43,2;148,88;47,37;72,25;16,29;64,41;61,29;73,40;65,00;69,57;41,33;137,14;186,19;50,93;63,42;;61,72;145,92;143,96;120,90;83,11;68,80;70,75;17,51;64,09;35,63;65,63;65,79;71,79
43,4;153,54;47,31;71,39;17,41;64,40;60,77;72,29;64,86;68,37;44,87;137,14;186,84;49,53;63,52;;61,72;145,99;145,17;123,52;83,11;69,00;73,63;17,49;132,65;42,51;65,04;65,79;73,87
43,6;155,62;47,75;70,44;16,29;64,38;178,57;71,60;66,69;69,57;37,80;137,14;186,65;50,81;63,11;;61,72;145,33;143,96;123,50;83,11;69,84;70,75;17,53;93,59;66,62;65,63;65,79;71,79
43,8;155,70;49,34;71,48;17,41;64,40;190,59;71,44;66,96;68,37;41,62;137,14;186,19;49,60;62,82;;61,72;139,41;145,17;122,09;83,11;69,55;73,63;17,34;50,41;55,12;65,04;65,79;73,87
44;152,95;47,93;73,89;16,29;64,40;202,52;72,19;67,28;69,57;44,14;137,14;186,84;50,93;62,38;;61,72;139,74;143,96;120,90;83,11;69,01;70,75;17,38;51,83;57,18;65,63;65,79;71,79
44,2;152,00;45,20;71,64;17,41;64,41;215,12;71,96;67,07;68,37;106,99;137,14;186,65;49,53;63,06;;61,72;145,61;145,17;123,52;83,11;69,14;73,63;17,34;93,45;84,80;65,04;65,79;73,87
44,4;147,93;45,03;72,25;16,29;64,40;209,62;71,81;65,51;69,57;146,20;137,14;186,19;50,81;63,58;;61,72;145,47;143,96;123,50;83,11;70,84;70,75;17,47;50,96;63,01;65,63;65,79;71,79
44,6;139,97;44,66;71,39;17,41;64,37;199,28;71,01;65,57;68,37;119,09;137,14;186,84;49,60;63,14;;61,72;144,49;145,17;122,09;83,11;69,57;73,63;17,42;51,32;65,96;65,04;65,79;73,87
44,8;131,27;45,16;70,44;16,29;64,41;186,98;71,37;66,88;69,57;149,60;137,14;186,65;50,93;64,70;;61,72;144,78;143,96;120,90;83,11;69,84;70,75;17,55;51,59;53,50;65,63;65,79;71,79
45;50,48;44,87;71,48;17,41;64,40;60,86;71,85;67,74;68,37;105,67;137,14;186,19;49,53;64,31;;61,72;145,61;145,17;123,52;83,11;69,87;73,63;16,18;103,75;36,58;65,04;65,79;73,87
45,2;132,47;44,17;73,89;16,29;64,41;60,55;72,69;66,24;69,57;45,73;137,14;186,84;50,81;64,12;;61,72;145,29;143,96;123,50;83,11;69,93;70,75;16,17;50,17;39,15;65,63;65,79;71,79
45,4;141,16;44,45;71,64;17,41;64,40;61,49;72,35;66,89;68,37;45,96;137,14;186,65;49,60;64,85;;61,72;146,11;145,17;122,09;83,11;70,60;73,63;16,20;99,57;36,07;65,04;65,79;73,87
45,6;147,40;44,16;72,25;16,29;64,36;61,23;73,59;68,55;69,57;48,40;137,14;186,19;91,68;64,67;;61,72;145,31;143,96;120,90;83,11;70,28;70,75;16,19;52,02;31,90;65,63;65,79;71,79
45,8;151,13;43,65;71,39;17,41;64,41;62,28;73,47;66,81;68,37;48,16;137,14;186,84;92,95;63,63;;61,72;141,82;145,17;123,52;83,11;71,14;73,63;16,22;51,76;36,86;65,04;65,79;73,87
46;153,89;43,26;70,44;16,29;64,40;60,14;72,50;66,60;69,57;47,47;137,14;186,65;93,50;63,45;;61,72;141,95;143,96;123,50;83,11;70,40;70,75;16,20;51,97;33,93;65,63;65,79;71,79
46,2;155,11;43,04;71,48;17,41;64,41;61,23;74,23;66,36;68,37;45,26;137,14;186,19;93,85;63,41;;61,72;144,73;145,17;122,09;83,11;69,67;73,63;16,35;51,81;35,95;65,04;65,79;73,87
46,4;155,42;43,13;73,89;16,29;64,39;62,28;72,73;66,91;69,57;110,03;137,14;186,84;93,58;64,50;;61,72;146,86;143,96;120,90;83,11;69,65;70,75;16,30;52,63;35,40;65,63;65,79;71,79
46,6;151,56;43,26;71,64;17,41;64,34;60,14;72,91;67,85;68,37;113,10;137,14;186,65;93,06;64,35;;61,72;145,21;145,17;123,52;83,11;69,63;73,63;16,29;54,30;33,77;65,04;65,79;73,87
46,8;149,37;44,21;72,25;16,29;64,41;61,23;71,86;65,55;69,57;109,36;137,14;186,19;91,55;64,47;;61,72;145,91;143,96;123,50;83,11;69,57;70,75;16,25;53,31;38,51;65,63;65,79;71,79
47;144,12;43,05;71,39;17,41;64,40;178,33;72,02;67,62;68,37;115,60;137,14;186,84;49,43;63,86;;61,72;144,10;145,17;122,09;83,11;70,41;73,63;16,32;49,26;43,18;65,04;65,79;73,87
47,2;136,16;43,01;70,44;16,29;64,40;192,83;72,10;67,83;69,57;104,54;137,14;186,65;47,78;63,22;;61,72;144,62;143,96;120,90;83,11;68,38;70,75;16,36;51,99;72,23;65,63;65,79;71,79
47,4;124,81;43,51;71,48;17,41;64,39;202,94;70,87;66,62;68,37;42,29;137,14;186,19;47,78;63,01;;61,72;146,43;145,17;123,52;83,11;69,29;73,63;16,46;49,98;61,06;65,04;65,79;73,87
47,6;124,77;43,55;73,89;16,29;64,36;216,11;70,99;68,92;69,57;41,52;137,14;186,84;47,78;63,62;;61,72;145,95;143,96;123,50;83,11;68,82;70,75;16,90;54,25;63,17;65,63;65,79;71,79
47,8;137,00;43,88;71,64;17,41;64,39;209,62;71,41;67,34;68,37;41,07;137,14;186,65;47,78;64,11;;61,72;141,50;145,17;122,09;83,11;69,56;73,63;16,62;53,86;58,97;65,04;65,79;73,87
48;143,96;44,00;72,25;16,29;64,41;197,74;70,50;66,63;69,57;43,12;137,14;186,19;47,78;64,35;;61,72;141,97;143,96;120,90;83,11;67,23;70,75;16,88;189,17;60,17;65,63;65,79;71,79
48,2;148,88;44,90;71,39;17,41;64,40;185,25;72,60;67,21;68,37;44,82;137,14;186,84;47,78;64,56;;61,72;144,50;145,17;123,52;83,11;67,67;73,63;16,85;48,88;77,57;65,04;65,79;73,87
48,4;153,54;44,92;70,44;16,29;64,38;61,82;72,61;67,03;69,57;41,36;137,14;186,65;47,78;63,95;;61,72;145,14;143,96;123,50;83,11;67,31;70,75;17,38;63,72;41,54;65,63;65,79;71,79
48,6;155,62;46,17;71,48;17,41;64,39;60,08;71,49;67,58;68,37;109,27;137,14;186,19;47,78;63,46;;61,72;145,05;145,17;122,09;83,11;66,51;73,63;17,35;93,53;32,75;65,04;65,79;73,87
48,8;155,70;44,70;73,89;16,29;64,40;60,55;72,40;68,01;69,57;103,73;137,14;186,84;47,78;63,52;;61,72;144,23;143,96;120,90;83,11;67,01;70,75;17,45;49,53;34,62;65,63;65,79;71,79
49;152,95;44,73;71,64;17,41;64,41;60,95;73,18;65,88;68,37;107,88;137,14;186,65;47,78;63,53;;61,72;145,26;145,17;123,52;83,11;66,80;73,63;17,40;51,82;32,83;65,04;65,79;73,87
49,2;152,00;44,79;72,25;16,29;64,40;60,77;72,35;67,97;69,57;144,24;137,14;186,19;47,78;63,38;0,03;61,72;144,82;143,96;123,50;83,11;66,33;70,75;17,03;51,11;30,61;65,63;65,79;71,79
49,4;147,93;44,77;71,39;17,41;64,38;60,62;73,26;67,80;68,37;104,79;137,14;186,84;47,78;64,89;1,30;61,72;145,60;145,17;122,09;83,11;65,35;73,63;16,95;51,72;31,47;65,04;65,79;73,87
49,6;139,97;44,69;70,44;16,29;64,40;61,11;72,93;68,52;69,57;45,26;137,14;186,65;92,41;63,98;1,32;61,72;145,36;143,96;120,90;83,11;68,64;70,75;16,99;53,11;35,26;65,63;65,79;71,79
49,8;131,27;44,57;71,48;17,41;64,40;61,29;71,77;67,28;68,37;45,15;137,14;186,19;93,11;63,95;1,34;61,72;141,20;145,17;123,52;83,11;67,67;73,63;16,86;52,63;29,22;65,04;65,79;73,87
50;50,48;44,61;73,89;16,29;64,41;60,77;72,12;67,38;69,57;45,13;137,14;186,84;93,41;63,83;1,37;61,72;143,84;143,96;123,50;83,11;67,67;70,75;17,43;101,86;37,36;65,63;65,79;71,79
50,2;132,47;46,82;71,64;17,41;64,40;60,62;72,02;67,31;68,37;45,99;137,14;186,65;93,40;63,32;1,40;61,72;145,47;145,17;122,09;83,11;67,71;73,63;18,06;58,04;35,42;65,04;65,79;73,87
50,4;141,16;44,82;72,25;16,29;64,37;179,34;73,82;67,39;69,57;48,22;137,14;186,19;93,09;63,37;1,41;61,72;145,25;143,96;120,90;83,11;67,69;70,75;18,39;64,84;34,26;65,63;65,79;71,79
50,6;147,40;44,75;71,39;17,41;64,41;192,90;73,10;68,89;68,37;45,25;137,14;186,84;92,91;62,98;1,42;61,72;146,42;145,17;123,52;83,11;67,81;73,63;17,97;50,66;46,79;65,04;65,79;73,87
50,8;151,13;44,82;70,44;16,29;64,40;204,94;70,56;68,96;69,57;113,69;137,14;186,65;50,61;62,89;1,43;61,72;145,91;143,96;123,50;83,11;69,54;70,75;18,26;56,88;62,43;65,63;65,79;71,79
51;153,89;44,70;71,48;17,41;64,41;217,71;71,18;69,44;68,37;112,37;137,14;186,19;49,53;63,33;1,44;61,72;144,23;145,17;122,09;83,11;67,94;73,63;18,86;50,63;58,39;65,04;65,79;73,87
51,2;155,11;44,73;73,89;16,29;64,40;208,19;70,66;68,76;69,57;114,72;137,14;186,84;50,81;63,32;1,44;61,72;145,99;143,96;120,90;83,11;67,91;70,75;18,06;52,37;88,11;65,63;65,79;71,79
51,4;155,42;44,67;71,64;17,41;64,36;196,83;71,97;68,30;68,37;114,12;137,14;186,65;49,60;63,84;1,45;61,72;146,13;145,17;123,52;83,11;67,91;73,63;18,35;52,56;61,69;65,04;65,79;73,87
51,6;151,56;44,91;72,25;16,29;64,41;185,16;71,64;67,66;69,57;101,40;137,14;186,19;50,93;64,15;1,45;61,72;147,76;143,96;123,50;83,11;67,84;70,75;17,95;52,60;62,11;65,63;65,79;71,79
51,8;149,37;45,27;71,39;17,41;64,40;61,17;71,68;68,76;68,37;40,91;137,14;186,84;49,53;64,10;1,46;61,72;143,73;145,17;122,09;83,11;67,09;73,63;18,04;53,54;63,29;65,04;65,79;73,87
52;144,12;43,98;70,44;16,29;64,41;61,26;72,76;66,33;69,57;41,33;137,14;186,65;50,81;64,83;3,30;61,72;143,21;143,96;120,90;83,11;66,36;70,75;17,99;51,76;42,11;65,63;65,79;71,79
52,2;136,16;43,91;71,48;17,41;64,39;61,03;72,22;67,94;68,37;44,90;137,14;186,19;49,60;64,17;4,76;61,72;145,87;145,17;123,52;83,11;65,07;73,63;18,15;52,30;36,55;65,04;65,79;73,87
52,4;124,81;43,53;73,89;16,29;64,34;61,23;72,98;66,50;69,57;37,80;137,14;186,84;50,93;63,59;4,11;61,72;145,11;143,96;123,50;83,11;67,26;70,75;18,16;50,19;36,10;65,63;65,79;71,79
52,6;124,77;43,50;71,64;17,41;64,41;62,28;72,86;66,63;68,37;42,55;137,14;186,65;49,53;63,50;4,13;61,72;146,10;145,17;122,09;83,11;66,51;73,63;18,85;50,65;34,21;65,04;65,79;73,87
52,8;137,00;43,06;72,25;16,29;64,40;60,14;74,07;67,43;69,57;46,66;137,14;186,19;50,81;64,94;5,05;61,72;146,48;143,96;120,90;83,11;66,94;70,75;18,54;53,40;37,03;65,63;65,79;71,79
53;143,96;43,05;71,39;17,41;64,40;61,23;73,29;67,04;68,37;108,55;137,14;186,84;49,60;64,59;5,11;61,72;145,63;145,17;123,52;83,11;68,50;73,63;18,66;49,42;32,35;65,04;65,79;73,87
53,2;148,88;43,31;70,44;16,29;64,39;62,28;72,23;67,80;69,57;104,26;137,14;186,65;50,93;64,39;5,38;61,72;144,26;;;83,11;68,10;70,75;18,74;100,18;35,77;65,63;65,79;71,79
53,4;153,54;43,49;71,48;17,41;64,36;60,14;73,40;66,97;68,37;123,83;137,14;186,19;91,91;64,30;5,42;61,72;146,78;;;83,11;68,25;73,63;18,99;60,54;31,94;65,04;65,79;73,87
53,6;155,62;43,68;73,89;16,29;64,39;61,23;71,15;67,32;69,57;110,30;137,14;186,84;92,64;64,09;5,45;61,72;146,28;;;83,11;69,43;70,75;19,58;93,88;37,24;65,63;65,79;71,79
53,8;155,70;42,97;71,64;17,41;64,41;181,23;71,47;67,49;68,37;45,51;137,14;186,65;93,03;63,76;5,48;61,72;143,60;;;83,11;69,58;73,63;20,30;50,81;35,49;65,04;65,79;73,87
54;152,95;43,74;72,25;16,29;64,40;193,92;71,63;67,32;69,57;45,36;137,14;186,19;93,78;62,86;5,50;61,72;144,32;;;83,11;70,24;70,75;20,15;51,18;42,02;65,63;65,79;71,79
54,2;152,00;43,94;71,39;17,41;64,38;206,17;70,32;65,91;68,37;44,43;137,14;186,84;93,58;63,57;5,52;61,72;145,77;;;83,11;69,64;73,63;20,70;70,56;73,12;65,04;65,79;73,87
54,4;147,93;43,91;70,44;16,29;64,39;219,22;71,31;65,98;69,57;47,99;137,14;186,65;93,12;64,03;5,55;61,72;145,87;;;83,11;70,10;70,75;20,45;50,78;61,94;65,63;65,79;71,79
54,6;139,97;44,71;71,48;17,41;64,39;208,95;71,28;65,76;68,37;47,44;137,14;186,19;91,95;64,10;6,66;61,72;145,99;;;83,11;69,96;73,63;20,53;51,73;62,81;65,04;65,79;73,87
54,8;131,27;44,70;73,89;16,29;64,41;195,31;70,11;66,08;69,57;46,80;137,14;186,84;48,93;64,55;5,90;61,72;146,92;;;83,11;69,65;70,75;20,61;52,62;77,40;65,63;65,79;71,79
55;50,48;44,34;71,64;17,41;64,40;183,32;72,87;67,82;68,37;45,30;137,14;186,65;49,57;64,37;5,94;61,72;145,06;;;83,11;69,69;73,63;20,87;100,51;57,37;65,04;65,79;73,87
55,2;132,47;44,57;72,25;16,29;64,38;60,70;72,75;67,26;69,57;112,76;137,14;186,19;48,74;64,64;5,97;61,72;145,69;;;83,11;69,70;70,75;21,69;57,03;63,58;65,63;65,79;71,79
55,4;141,16;44,59;71,39;17,41;64,40;60,77;72,41;67,00;68,37;46,67;137,14;186,84;47,78;64,04;6,01;61,72;144,85;;;83,11;69,70;73,63;20,76;67,44;52,11;65,04;65,79;73,87
55,6;147,40;45,14;70,44;16,29;64,40;60,62;73,50;67,75;69,57;41,64;137,14;186,65;47,78;63,48;6,06;61,72;146,10;;;83,11;69,84;70,75;20,75;214,13;34,99;65,63;65,79;71,79
55,8;151,13;45,13;71,48;17,41;64,41;61,11;72,96;68,08;68,37;112,46;137,14;186,19;47,78;64,49;6,49;61,72;144,44;;;83,11;69,69;73,63;20,73;54,91;33,92;65,04;65,79;73,87
56;153,89;47,86;73,89;16,29;64,40;61,29;71,96;67,01;69,57;42,01;137,14;186,84;47,78;64,27;6,45;61,72;143,93;;;83,11;69,84;70,75;22,14;52,75;34,78;65,63;65,79;71,79
56,2;155,11;48,32;71,64;17,41;64,37;60,77;73,70;67,07;68,37;43,95;137,14;186,65;47,78;64,06;6,49;61,72;145,85;;;83,11;69,65;73,63;22,19;52,27;29,94;65,04;65,79;73,87
56,4;155,42;48,28;72,25;16,29;64,41;60,62;72,40;66,04;69,57;41,54;137,14;186,19;47,78;63,96;6,52;61,72;144,95;;;83,11;69,62;70,75;23,29;50,63;35,82;65,63;65,79;71,79
56,6;151,56;48,06;71,39;17,41;64,40;61,11;71,04;66,96;68,37;43,11;137,14;186,84;47,78;64,28;6,55;61,72;145,79;;;83,11;69,30;73,63;23,34;51,75;31,08;65,04;65,79;73,87
56,8;149,37;48,11;70,44;16,29;64,41;61,29;72,19;65,02;69,57;39,65;137,14;186,65;47,78;63,03;6,58;61,72;146,09;;;83,11;69,60;70,75;23,52;52,10;32,82;65,63;65,79;71,79
57;144,12;47,94;71,48;17,41;64,40;60,77;73,77;66,73;68,37;43,96;137,14;186,19;47,78;63,27;6,61;61,72;144,99;;;83,11;67,86;73,63;23,60;51,64;31,13;65,04;65,79;73,87
57,2;136,16;47,81;73,89;16,29;64,36;182,46;73,67;66,16;69,57;41,65;137,14;186,84;47,78;63,33;6,63;61,72;144,49;;;83,11;68,41;70,75;23,73;51,68;31,12;65,63;65,79;71,79
57,4;124,81;47,71;71,64;17,41;64,41;193,76;70,62;65,28;68,37;115,45;137,14;186,65;92,77;62,56;6,66;61,72;146,93;;;83,11;67,56;73,63;23,79;49,95;34,58;65,04;65,79;73,87
57,6;124,77;47,57;72,25;16,29;64,40;207,03;72,31;66,30;69,57;121,34;137,14;186,19;93,47;62,60;6,68;61,72;146,52;;;83,11;68,40;70,75;23,91;50,41;42,90;65,63;65,79;71,79
57,8;137,00;46,81;71,39;17,41;64,41;219,13;71,46;64,82;68,37;111,84;137,14;186,84;93,62;63,38;6,70;61,72;146,31;;;83,11;69,53;73,63;23,97;51,36;73,84;65,04;65,79;73,87
58;143,96;46,24;70,44;16,29;64,39;206,84;71,00;64,58;69,57;109,72;137,14;186,65;93,46;63,82;6,72;61,72;144,66;;;83,11;69,30;70,75;23,94;58,48;59,35;65,63;65,79;71,79
58,2;148,88;46,02;71,48;17,41;64,34;193,60;72,47;67,49;68,37;46,22;137,14;186,19;93,27;63,26;6,75;61,72;143,94;;;83,11;68,31;73,63;23,64;207,10;61,78;65,04;65,79;73,87
58,4;153,54;45,78;73,89;16,29;64,41;182,90;71,89;65,30;69,57;45,15;137,14;186,84;92,91;64,77;6,76;61,72;144,08;;;83,11;68,71;70,75;23,74;61,82;62,75;65,63;65,79;71,79
58,6;155,62;45,49;71,64;17,41;64,40;62,38;74,00;65,67;68,37;45,19;137,14;186,65;50,33;64,55;6,79;61,72;145,07;;;83,11;69,02;73,63;24,13;56,07;61,29;65,04;65,79;73,87
58,8;155,70;45,10;72,25;16,29;64,40;60,71;72,89;66,76;69,57;48,09;137,14;186,19;50,93;64,63;6,80;61,72;147,30;;;83,11;69,03;70,75;24,55;94,55;86,48;65,63;65,79;71,79
59;152,95;45,09;71,39;17,41;64,39;61,23;71,81;66,89;68,37;47,43;137,14;186,84;49,53;63,37;6,83;61,72;144,02;;;83,11;69,19;73,63;24,49;50,91;42,41;65,04;65,79;73,87
59,2;152,00;45,17;70,44;16,29;64,35;62,28;72,20;65,57;69,57;46,73;137,14;186,65;50,81;63,75;7,11;61,72;147,20;;;83,11;69,62;70,75;24,57;49,76;35,97;65,63;65,79;71,79
59,4;147,93;45,17;71,48;17,41;64,39;60,14;72,18;67,00;68,37;110,51;137,14;186,19;49,60;63,49;7,14;61,72;146,76;;;83,11;70,57;73,63;24,59;53,52;36,50;65,04;65,79;73,87
59,6;139,97;45,02;73,89;16,29;64,41;61,23;72,09;67,01;69,57;110,19;137,14;186,84;50,93;63,43;7,18;61,72;147,79;;;83,11;70,57;70,75;24,67;66,49;35,77;65,63;65,79;71,79
59,8;131,27;44,92;71,64;17,41;64,40;62,28;71,99;66,94;68,37;119,90;137,14;186,65;49,53;63,90;7,21;61,72;146,22;;;83,11;70,17;73,63;24,69;50,54;36,07;65,04;65,79;73,87
60;50,48;44,76;72,25;16,29;64,38;60,14;72,55;65,57;69,57;109,58;137,14;186,19;50,81;64,35;7,23;61,72;146,65;;;83,11;70,30;70,75;24,77;52,65;34,10;65,63;65,79;71,79
60,2;132,47;44,43;71,39;17,41;64,39;61,23;73,18;65,58;68,37;102,34;137,14;186,84;49,60;64,26;7,26;61,72;143,17;;;83,11;70,30;73,63;25,89;102,62;34,79;65,04;65,79;73,87
60,4;141,16;45,50;70,44;16,29;64,39;62,28;72,83;65,58;69,57;41,78;137,14;186,65;50,93;64,04;7,29;61,72;143,29;;;83,11;70,59;70,75;24,73;62,66;35,30;65,63;65,79;71,79
60,6;147,40;45,38;71,48;17,41;64,41;182,19;72,47;66,90;68,37;44,80;137,14;186,19;49,53;63,80;7,31;61,72;147,21;;;83,11;70,27;73,63;24,66;100,88;35,94;65,04;65,79;73,87
60,8;151,13;45,51;73,89;16,29;64,40;195,61;70,79;68,07;69,57;43,34;137,14;186,84;50,81;62,44;7,34;61,72;146,86;;;83,11;70,56;70,75;25,28;50,75;35,27;65,63;65,79;71,79
61;153,89;45,41;71,64;17,41;64,38;206,80;72,31;67,11;68,37;37,80;137,14;186,65;49,60;63,16;7,36;61,72;145,39;;;83,11;70,17;73,63;26,05;52,17;35,92;65,04;65,79;73,87
61,2;155,11;45,48;72,25;16,29;64,40;219,93;71,32;66,91;69,57;41,62;137,14;186,19;92,14;64,24;7,38;61,72;143,70;;;83,11;69,63;70,75;25,99;50,47;52,78;65,63;65,79;71,79
61,4;155,42;45,05;71,39;17,41;64,40;206,79;71,77;68,42;68,37;44,14;137,14;186,84;93,00;64,26;7,41;61,72;145,90;;;83,11;69,16;73,63;26,15;51,74;66,42;65,04;65,79;73,87
61,6;151,56;44,37;70,44;16,29;64,41;195,15;70,88;67,14;69,57;106,86;137,14;186,65;93,40;64,23;7,43;61,72;146,66;;;83,11;68,99;70,75;26,09;52,14;60,45;65,63;65,79;71,79
61,8;149,37;43,54;71,48;17,41;64,40;182,77;71,48;67,25;68,37;145,88;137,14;186,19;93,47;64,53;7,45;61,72;144,35;;;83,11;68,76;73,63;26,22;52,84;87,93;65,04;65,79;73,87
62;144,12;43,34;73,89;16,29;64,37;60,30;71,87;67,61;69,57;118,35;137,14;186,84;93,47;63,99;7,48;61,72;146,16;;;83,11;68,39;70,75;26,08;52,12;56,44;65,63;65,79;71,79
62,2;136,16;45,59;71,64;17,41;64,41;60,62;72,06;69,58;68,37;149,97;137,14;186,65;92,31;63,46;7,50;61,72;144,26;;;83,11;68,76;73,63;26,15;50,89;57,35;65,04;65,79;73,87
62,4;124,81;45,54;72,25;16,29;64,40;61,11;72,40;67,21;69,57;105,78;137,14;186,19;91,73;65,01;7,52;61,72;144,86;;;83,11;68,90;70,75;25,98;52,34;62,41;65,63;65,79;71,79
62,6;124,77;44,47;71,39;17,41;64,41;61,29;72,79;67,43;68,37;45,87;137,14;186,84;48,28;63,68;7,54;61,72;147,17;;;83,11;69,02;73,63;24,16;50,90;38,26;65,04;65,79;73,87
62,8;137,00;44,60;70,44;16,29;64,40;60,77;72,76;66,35;69,57;45,96;137,14;186,65;47,78;64,45;7,74;61,72;145,87;;;83,11;69,17;70,75;23,78;54,39;33,86;65,63;65,79;71,79
63;143,96;44,92;71,48;17,41;64,36;60,62;71,21;66,98;68,37;48,40;137,14;186,19;49,57;64,44;7,93;61,72;143,58;;;83,11;69,58;73,63;24,08;57,05;36,14;65,04;65,79;73,87
63,2;148,88;44,38;73,89;16,29;64,41;61,11;73,89;67,67;69,57;48,15;137,14;186,84;48,74;63,93;7,84;61,72;146,41;;;83,11;70,72;70,75;24,32;50,17;32,16;65,63;65,79;71,79
63,4;153,54;42,16;71,64;17,41;64,40;61,29;72,88;67,73;68,37;47,47;137,14;186,65;47,78;63,88;7,64;61,72;143,75;;;83,11;69,69;73,63;24,54;51,59;35,60;65,04;65,79;73,87
63,6;155,62;42,16;72,25;16,29;64,41;60,77;72,09;67,93;69,57;45,25;137,14;186,19;47,78;63,55;8,12;61,72;145,05;;;83,11;69,67;70,75;24,75;54,01;30,38;65,63;65,79;71,79
63,8;155,70;42,18;71,39;17,41;64,39;60,62;71,78;69,26;68,37;109,91;137,14;186,84;47,78;63,14;8,05;61,72;145,36;;;83,11;69,39;73,63;24,79;97,29;32,72;65,04;65,79;73,87
64;152,95;42,12;70,44;16,29;64,35;182,17;71,96;68,69;69,57;112,85;137,14;186,65;47,78;63,17;8,20;61,72;146,79;;;83,11;69,84;70,75;24,82;49,40;30,41;65,63;65,79;71,79
64,2;152,00;41,61;71,48;17,41;64,41;196,14;69,88;66,17;68,37;119,21;137,14;186,19;47,78;62,40;7,98;61,72;143,94;;;83,11;70,23;73,63;24,55;51,82;37,91;65,04;65,79;73,87
64,4;147,93;41,38;73,89;16,29;64,40;208,68;72,28;67,60;69,57;109,92;137,14;186,84;47,78;62,87;8,11;61,72;143,16;;;83,11;71,12;70,75;24,80;49,46;36,96;65,63;65,79;71,79
64,6;139,97;42,09;71,64;17,41;64,40;220,53;71,90;67,30;68,37;105,20;137,14;186,65;47,78;63,61;8,83;61,72;145,80;;;83,11;69,67;73,63;24,84;51,68;43,23;65,04;65,79;73,87
64,8;131,27;40,75;72,25;16,29;64,39;206,42;72,21;67,38;69,57;40,86;137,14;186,19;47,78;63,60;8,90;61,72;146,63;;;83,11;69,68;70,75;24,66;53,07;70,16;65,63;65,79;71,79
65;50,48;40,34;71,39;17,41;64,35;193,73;72,78;67,42;68,37;41,06;137,14;186,84;47,78;64,01;8,96;61,72;145,92;;;83,11;69,68;73,63;24,77;50,56;57,95;65,04;65,79;73,87
65,2;132,47;40,17;70,44;16,29;64,39;182,19;71,91;69,13;69,57;41,11;137,14;186,65;92,52;64,50;9,01;61,72;146,19;;;83,11;69,68;70,75;24,87;103,52;55,64;65,63;65,79;71,79
65,4;141,16;40,47;71,48;17,41;64,41;61,74;72,72;68,59;68,37;43,08;137,14;186,19;93,36;64,20;8,75;61,72;144,64;;;83,11;69,77;73,63;25,10;55,36;79,62;65,04;65,79;73,87
65,6;147,40;40,51;73,89;16,29;64,40;61,53;73,79;67,34;69,57;39,65;137,14;186,84;93,70;64,72;9,11;61,72;146,23;;;83,11;69,65;70,75;25,02;102,98;61,23;65,63;65,79;71,79
65,8;151,13;40,47;71,64;17,41;64,38;61,23;71,68;66,84;68,37;45,05;137,14;186,65;92,58;64,09;8,84;61,72;145,23;;;83,11;69,60;73,63;25,05;178,53;64,70;65,04;65,79;73,87
66;153,89;40,35;72,25;16,29;64,38;62,28;74,47;69,28;69,57;102,10;137,14;186,19;92,58;63,75;8,94;61,72;145,72;;;83,11;69,58;70,75;25,12;52,09;46,77;65,63;65,79;71,79
66,2;155,11;40,30;71,39;17,41;64,39;60,14;72,69;67,39;68,37;144,56;137,14;186,84;92,29;63,49;9,19;61,72;141,95;;;83,11;68,74;73,63;25,35;52,81;36,58;65,04;65,79;73,87
66,4;155,42;40,45;70,44;16,29;64,41;61,23;71,90;66,28;69,57;117,98;137,14;186,65;50,15;63,52;9,35;61,72;143,66;;;83,11;68,99;70,75;25,43;53,05;36,82;65,63;65,79;71,79
66,6;151,56;40,59;71,48;17,41;64,40;62,28;72,31;66,54;68,37;146,33;137,14;186,19;49,17;63,43;9,60;61,72;144,94;;;83,11;69,82;73,63;25,66;51,72;34,50;65,04;65,79;73,87
66,8;149,37;41,00;73,89;16,29;64,38;60,14;71,28;66,51;69,57;104,89;137,14;186,84;50,93;64,42;9,65;61,72;146,59;;;83,11;68,31;70,75;25,67;51,88;31,83;65,63;65,79;71,79
67;144,12;41,31;71,64;17,41;64,40;61,23;72,91;66,72;68,37;45,26;137,14;186,65;49,53;64,24;9,74;61,72;144,81;;;83,11;68,32;73,63;25,87;50,96;38,50;65,04;65,79;73,87
67,2;136,16;41,59;72,25;16,29;64,40;62,28;71,46;68,63;69,57;45,15;137,14;186,19;50,81;64,00;9,55;61,72;145,02;;;83,11;68,23;70,75;25,87;52,87;39,67;65,63;65,79;71,79
67,4;124,81;43,13;71,39;17,41;64,41;184,26;70,68;68,80;68,37;45,12;137,14;186,84;49,60;63,79;9,80;61,72;146,10;;;83,11;67,61;73,63;26,05;52,36;36,44;65,04;65,79;73,87
67,6;124,77;42,86;70,44;16,29;64,40;197,22;70,75;69,53;69,57;45,99;137,14;186,65;50,93;62,49;9,64;61,72;144,44;;;83,11;66,60;70,75;25,37;49,39;37,97;65,63;65,79;71,79
67,8;137,00;42,07;71,48;17,41;64,37;207,32;71,12;66,88;68,37;48,22;137,14;186,19;49,53;63,68;9,71;61,72;145,29;;;83,11;66,09;73,63;25,43;52,17;35,34;65,04;65,79;73,87
68;143,96;42,32;73,89;16,29;64,41;217,34;71,76;68,31;69,57;45,25;137,14;186,84;50,81;64,02;9,73;61,72;145,89;;;83,11;66,57;70,75;25,48;53,03;39,36;65,63;65,79;71,79
68,2;148,88;42,33;71,64;17,41;64,40;204,90;71,01;66,78;68,37;113,55;137,14;186,65;49,60;64,33;10,01;61,72;142,22;;;83,11;65,11;73,63;25,53;95,74;46,45;65,04;65,79;73,87
68,4;153,54;44,86;72,25;16,29;64,41;193,81;72,01;67,69;69,57;111,14;137,14;186,19;50,93;64,63;9,82;61,72;141,44;;;83,11;65,29;70,75;25,57;98,94;75,28;65,63;65,79;71,79
68,6;155,62;42,96;71,39;17,41;64,40;180,71;72,06;65,89;68,37;46,90;137,14;186,84;49,53;64,88;10,85;61,72;145,49;;;83,11;65,39;73,63;25,61;62,46;61,77;65,04;65,79;73,87
68,8;155,70;43,23;70,44;16,29;64,36;60,33;73,29;66,04;69,57;113,32;137,14;186,65;50,81;63,96;10,40;61,72;145,58;;;83,11;68,65;70,75;25,65;95,06;64,95;65,63;65,79;71,79
69;152,95;43,39;71,48;17,41;64,41;60,62;70,36;65,81;68,37;101,47;137,14;186,19;92,05;63,48;10,53;61,72;145,27;;;83,11;67,68;73,63;25,69;49,52;61,28;65,04;65,79;73,87
69,2;152,00;44,67;73,89;16,29;64,40;61,11;73,09;66,08;69,57;41,67;137,14;186,84;93,00;63,53;10,60;61,72;143,82;;;83,11;67,68;70,75;26,49;51,93;57,99;65,63;65,79;71,79
69,4;147,93;43,50;71,64;17,41;64,41;61,29;71,09;67,42;68,37;41,33;137,14;186,65;93,37;63,54;10,90;61,72;145,01;;;83,11;67,71;73,63;25,41;76,54;85,27;65,04;65,79;73,87
69,6;139,97;49,07;72,25;16,29;64,39;60,77;72,62;68,43;69,57;44,89;137,14;186,19;93,51;64,56;11,07;61,72;146,32;;;83,11;67,69;70,75;39,17;51,33;36,40;65,63;65,79;71,79
69,8;131,27;49,15;71,39;17,41;64,35;60,62;70,97;66,95;68,37;37,80;137,14;186,84;93,20;64,64;10,91;61,72;145,97;;;83,11;69,42;73,63;40,09;51,31;30,37;65,04;65,79;73,87
70;50,48;48,57;70,44;16,29;64,41;61,11;72,97;65,51;69,57;42,55;137,14;186,65;92,59;64,50;11,26;61,72;146,17;;;83,11;67,94;70,75;39,67;51,79;34,74;65,63;65,79;71,79
70,2;132,47;48,43;71,48;17,41;64,40;61,29;71,42;66,78;68,37;46,69;137,14;186,19;92,11;63,89;11,51;61,72;140,84;;;83,11;67,94;73,63;40,24;100,84;32,25;65,04;65,79;73,87
70,4;141,16;48,43;73,89;16,29;64,40;60,77;71,94;68,04;69,57;108,12;137,14;186,84;49,90;63,46;11,60;61,72;141,38;;;83,11;67,90;70,75;41,19;60,33;33,84;65,63;65,79;71,79
70,6;147,40;48,48;71,64;17,41;64,39;60,62;72,38;67,00;68,37;104,21;137,14;186,65;48,53;63,18;11,92;61,72;145,34;;;83,11;67,90;73,63;41,34;64,99;29,70;65,04;65,79;73,87
70,8;151,13;48,07;72,25;16,29;64,34;185,51;70,79;65,94;69,57;108,64;137,14;186,19;47,78;62,94;12,00;61,72;147,05;;;83,11;67,83;70,75;41,43;154,47;34,18;65,63;65,79;71,79
71;153,89;47,95;71,39;17,41;64,39;195,90;69,96;67,43;68,37;110,48;137,14;186,84;47,78;61,90;11,78;61,72;144,05;;;83,11;67,04;73,63;42,86;54,01;28,99;65,04;65,79;73,87
71,2;155,11;46,97;70,44;16,29;64,41;209,79;71,87;67,35;69,57;45,54;137,14;186,65;47,78;62,83;11,85;61,72;144,74;;;83,11;66,30;70,75;43,01;52,03;33,45;65,63;65,79;71,79
71,4;155,42;46,50;71,48;17,41;64,40;216,95;72,10;65,62;68,37;45,36;137,14;186,19;47,78;63,40;12,20;61,72;144,94;;;83,11;66,69;73,63;42,68;52,16;33,93;65,04;65,79;73,87
71,6;151,56;46,18;73,89;16,29;64,38;203,60;73,26;66,01;69,57;44,82;137,14;186,84;47,78;63,60;12,57;61,72;143,95;;;83,11;66,49;70,75;43,02;52,17;34,18;65,63;65,79;71,79
71,8;149,37;46,33;71,64;17,41;64,38;192,12;72,50;65,27;68,37;49,64;137,14;186,65;47,78;64,35;12,66;61,72;146,28;;;83,11;66,49;73,63;43,16;51,19;49,07;65,04;65,79;73,87
72;144,12;46,08;72,25;16,29;64,39;178,15;73,31;65,44;69,57;47,43;137,14;186,19;47,78;64,40;12,74;61,72;146,20;;;83,11;66,86;70,75;42,72;52,09;64,54;65,63;65,79;71,79
72,2;136,16;47,15;71,39;17,41;64,41;61,69;72,62;66,68;68,37;46,80;137,14;186,84;47,78;64,53;12,54;61,72;140,03;;;83,11;67,46;73,63;43,07;52,69;56,68;65,04;65,79;73,87
72,4;124,81;46,68;70,44;16,29;64,40;62,28;72,91;67,00;69,57;45,30;137,14;186,65;47,78;63,51;12,71;61,72;140,01;;;83,11;67,09;70,75;44,03;49,30;90,41;65,63;65,79;71,79
72,6;124,77;46,74;71,48;17,41;64,38;60,14;72,45;65,40;68,37;110,71;137,14;186,19;47,78;63,64;12,77;61,72;146,47;;;83,11;68,24;73,63;42,69;51,92;59,79;65,04;65,79;73,87
72,8;137,00;47,05;73,89;16,29;64,40;61,23;73,73;65,27;69,57;46,69;137,14;186,84;47,78;63,94;13,07;61,72;145,09;;;83,11;67,88;70,75;43,70;50,34;61,84;65,63;65,79;71,79
73;143,96;46,90;71,64;17,41;64,40;62,28;72,42;66,87;68,37;41,64;137,14;186,65;92,69;63,51;13,18;61,72;145,53;;;83,11;71,02;73,63;44,08;53,73;63,72;65,04;65,79;73,87
73,2;148,88;47,41;72,25;16,29;64,41;60,14;71,19;67,27;69,57;112,64;137,14;186,19;93,41;64,67;13,33;61,72;145,50;;;83,11;69,67;70,75;44,71;50,00;39,79;65,63;65,79;71,79
73,4;153,54;47,78;71,39;17,41;64,40;61,23;72,46;66,71;68,37;41,98;137,14;186,84;92,49;64,45;13,39;61,72;144,09;;;83,11;70,92;73,63;45,54;201,54;36,03;65,04;65,79;73,87
73,6;155,62;47,82;70,44;16,29;64,37;62,28;72,59;67,48;69,57;43,95;137,14;186,65;93,44;64,46;13,14;61,72;144,84;;;83,11;69,60;70,75;45,84;61,11;38,55;65,63;65,79;71,79
73,8;155,70;49,28;71,48;17,41;64,41;60,14;72,20;67,04;68,37;41,54;137,14;186,19;93,16;64,23;13,37;61,72;146,50;;;83,11;69,66;73,63;46,35;99,15;33,42;65,04;65,79;73,87
74;152,95;49,27;73,89;16,29;64,40;61,23;71,27;66,51;69,57;39,47;137,14;186,84;92,90;64,00;13,35;61,72;146,99;;;83,11;69,76;70,75;45,86;49,41;34,09;65,63;65,79;71,79
74,2;152,00;49,75;71,64;17,41;64,41;186,77;70,95;66,54;68,37;41,33;137,14;186,65;49,48;63,50;13,54;61,72;140,09;;;83,11;69,69;73,63;46,12;51,10;35,55;65,04;65,79;73,87
74,4;147,93;50,37;72,25;16,29;64,40;198,16;72,02;66,72;69,57;43,96;137,14;186,19;50,93;62,66;13,75;61,72;141,01;;;83,11;69,83;70,75;46,28;50,84;33,71;65,63;65,79;71,79
74,6;139,97;49,62;71,39;17,41;64,36;210,86;71,45;65,89;68,37;41,67;137,14;186,84;49,53;63,52;13,72;61,72;145,51;;;83,11;69,70;73,63;47,00;58,62;32,85;65,04;65,79;73,87
74,8;131,27;49,63;70,44;16,29;64,41;215,37;72,21;65,66;69,57;115,27;137,14;186,65;50,81;62,99;13,55;61,72;146,70;;;83,11;69,70;70,75;46,56;50,28;36,58;65,63;65,79;71,79
75;50,48;52,79;71,48;17,41;64,40;202,31;71,33;66,19;68,37;118,20;137,14;186,19;49,60;64,37;13,85;61,72;145,55;;;83,11;69,69;73,63;49,20;52,03;33,79;65,04;65,79;73,87
75,2;132,47;51,68;73,89;16,29;64,41;191,95;72,19;65,71;69,57;105,31;137,14;186,84;50,93;64,48;14,24;61,72;145,82;;;83,11;69,83;70,75;49,51;52,01;40,02;65,63;65,79;71,79
75,4;141,16;50,99;71,64;17,41;64,39;178,43;72,66;65,79;68,37;109,86;137,14;186,65;49,53;63,97;14,14;61,72;146,82;;;83,11;69,64;73,63;47,99;101,34;67,72;65,04;65,79;73,87
75,6;147,40;52,11;72,25;16,29;64,35;60,54;72,49;67,31;69,57;46,22;137,14;186,19;50,81;64,05;14,35;61,72;144,28;;;83,11;69,78;70,75;50,08;62,18;62,52;65,63;65,79;71,79
75,8;151,13;52,50;71,39;17,41;64,41;60,95;72,39;69,13;68,37;45,15;137,14;186,84;49,60;63,56;14,79;61,72;145,89;;;83,11;69,03;73,63;51,65;214,84;62,85;65,04;65,79;73,87
76;153,89;52,61;70,44;16,29;64,40;60,77;72,99;68,83;69,57;45,19;137,14;186,65;50,93;63,49;14,65;61,72;146,19;;;83,11;69,36;70,75;51,99;54,20;78,28;65,63;65,79;71,79
76,2;155,11;53,30;71,48;17,41;64,40;60,62;71,62;68,70;68,37;48,08;137,14;186,19;49,53;64,68;14,93;61,72;140,71;;;83,11;70,24;73,63;51,86;52,14;57,51;65,04;65,79;73,87
76,4;155,42;53,97;73,89;16,29;64,39;61,11;72,67;67,97;69,57;47,43;137,14;186,84;50,81;64,26;14,90;61,72;141,17;;;83,11;67,83;70,75;52,23;53,50;66,78;65,63;65,79;71,79
76,6;151,56;53,23;71,64;17,41;64,34;61,29;72,85;67,26;68,37;46,82;137,14;186,65;49,60;64,48;15,16;61,72;145,42;;;83,11;68,57;73,63;53,71;50,59;51,83;65,04;65,79;73,87
76,8;149,37;53,94;72,25;16,29;64,39;60,77;72,94;66,64;69,57;110,41;137,14;186,19;91,58;64,62;15,43;61,72;145,55;;;83,11;69,67;70,75;53,34;53,05;35,10;65,63;65,79;71,79
77;144,12;54,09;71,39;17,41;64,41;60,62;71,61;66,36;68,37;110,00;137,14;186,84;92,97;64,07;15,38;61,72;146,75;;;83,11;69,35;73,63;53,50;49,77;32,64;65,04;65,79;73,87
77,2;136,16;54,64;70,44;16,29;64,40;61,11;72,93;68,63;69,57;48,70;137,14;186,65;93,49;63,69;15,60;61,72;144,06;;;83,11;68,49;70,75;53,67;51,49;34,75;65,63;65,79;71,79
77,4;124,81;54,91;71,48;17,41;64,38;139,68;71,10;68,05;68,37;109,94;137,14;186,19;93,33;63,29;15,77;61,72;145,01;;;83,11;68,36;73,63;53,76;51,11;29,92;65,04;65,79;73,87
77,6;124,77;54,68;73,89;16,29;64,38;186,64;71,48;67,61;69,57;102,44;137,14;186,84;93,01;63,14;15,82;61,72;145,59;;;83,11;68,85;70,75;55,65;51,18;32,12;65,63;65,79;71,79
77,8;137,00;54,85;71,64;17,41;64,39;199,39;71,11;67,68;68,37;41,79;137,14;186,65;93,15;62,49;16,02;61,72;145,91;;;83,11;69,12;73,63;54,93;51,08;34,30;65,04;65,79;73,87
78;143,96;54,65;72,25;16,29;64,41;211,30;73,76;68,60;69,57;44,79;137,14;186,19;92,15;62,79;15,97;61,72;147,35;;;83,11;69,31;70,75;55,82;56,71;31,20;65,63;65,79;71,79
78,2;148,88;54,87;71,39;17,41;64,40;216,25;73,58;68,56;68,37;43,34;137,14;186,84;48,15;63,17;16,01;61,72;141,53;;;83,11;69,46;73,63;55,91;53,80;33,06;65,04;65,79;73,87
78,4;153,54;55,21;70,44;16,29;64,38;202,43;73,16;66,90;69,57;37,80;137,14;186,65;47,78;63,65;16,43;61,72;143,05;;;83,11;69,92;70,75;56,48;204,76;32,04;65,63;65,79;71,79
78,6;155,62;54,57;71,48;17,41;64,40;190,86;72,33;68,07;68,37;41,62;137,14;186,19;49,57;64,39;16,39;61,72;146,48;;;83,11;70,54;73,63;55,21;64,40;35,49;65,04;65,79;73,87
78,8;155,70;54,01;73,89;16,29;64,40;177,16;71,55;67,38;69,57;44,13;137,14;186,84;48,74;63,99;16,43;61,72;145,50;;;83,11;70,14;70,75;54,90;134,38;43,53;65,63;65,79;71,79
79;154,99;54,15;71,64;17,41;64,41;61,50;72,54;67,34;68,37;106,73;137,14;186,65;47,78;64,55;18,26;61,72;146,10;;;83,11;70,30;73,63;54,75;93,67;71,31;65,04;65,79;73,87
79,2;151,53;54,14;72,25;16,29;64,40;60,77;71,35;66,14;69,57;145,56;137,14;186,19;47,78;64,06;18,68;61,72;144,86;;;83,11;70,30;70,75;54,87;51,20;59,41;65,63;65,79;71,79
79,4;146,36;55,60;71,39;17,41;64,37;61,23;72,15;67,65;68,37;121,29;137,14;186,84;47,78;63,56;17,29;61,72;145,00;;;83,11;70,51;73,63;54,87;49,37;65,32;65,04;65,79;73,87
79,6;140,97;54,79;70,44;16,29;64,41;62,28;71,83;69,23;69,57;104,51;137,14;186,65;47,78;63,79;17,13;61,72;144,91;;;83,11;70,30;70,75;55,36;96,23;62,75;65,63;65,79;71,79
79,8;131,05;55,03;71,48;17,41;64,40;60,14;72,73;68,56;68,37;105,92;137,14;186,19;47,78;63,47;17,83;61,72;145,98;;;83,11;70,31;73,63;56,56;50,28;60,94;65,04;65,79;73,87
80;50,36;55,08;73,89;16,29;64,41;61,23;73,51;67,52;69,57;45,86;137,14;186,84;47,78;64,97;17,95;61,72;146,74;;;83,11;70,46;70,75;56,59;51,99;84,83;65,63;65,79;71,79
80,2;132,39;55,23;71,64;17,41;64,40;62,28;72,44;68,63;68,37;45,96;137,14;186,65;47,78;63,95;19,13;61,72;143,82;;;83,11;69,72;73,63;56,32;53,06;42,90;65,04;65,79;73,87
80,4;141,21;55,21;72,25;16,29;64,36;60,14;71,04;67,60;69,57;47,23;137,14;186,19;47,78;64,39;19,33;61,72;144,03;;;83,11;69,28;70,75;56,22;100,46;36,43;65,63;65,79;71,79
80,6;147,10;55,70;71,39;17,41;64,41;61,23;73,45;68,42;68,37;47,97;137,14;186,84;47,78;64,37;17,63;61,72;144,36;;;83,11;69,10;73,63;56,14;52,11;36,40;65,04;65,79;73,87
80,8;152,12;54,98;70,44;16,29;64,40;173,12;69,99;66,36;69,57;46,06;137,14;186,65;92,47;63,60;18,54;61,72;145,51;;;83,11;68,91;70,75;55,95;101,90;36,06;65,63;65,79;71,79
81;154,73;54,88;71,48;17,41;64,41;188,04;71,75;66,54;68,37;45,25;137,14;186,19;93,30;63,65;18,98;61,72;146,83;;;83,11;68,64;73,63;55,75;152,13;33,70;65,04;65,79;73,87
81,2;155,75;56,24;73,89;16,29;64,39;198,09;70,63;66,57;69,57;109,79;137,14;186,84;93,70;63,21;19,13;61,72;147,78;;;83,11;68,12;70,75;56,87;57,28;35,08;65,63;65,79;71,79
81,4;154,24;54,62;71,64;17,41;64,35;210,61;73,66;68,45;68,37;110,49;137,14;186,65;93,25;63,37;19,29;61,72;144,54;;;83,11;68,94;73,63;55,83;50,87;35,27;65,04;65,79;73,87
81,6;151,39;54,18;72,25;16,29;64,41;213,87;71,61;69,78;69,57;122,34;137,14;186,19;92,76;62,98;19,39;61,72;145,15;;;83,11;68,96;70,75;54,88;51,57;29,47;65,63;65,79;71,79
81,8;148,83;52,40;71,39;17,41;64,40;201,44;72,25;67,67;68,37;110,14;137,14;186,84;92,80;64,25;19,65;61,72;147,00;;;83,11;68,99;73,63;50,22;51,94;38,50;65,04;65,79;73,87
82;141,94;52,03;70,44;16,29;64,41;190,16;71,64;68,68;69,57;105,30;137,14;186,65;50,89;64,38;19,57;61,72;146,30;;;83,11;70,24;70,75;50,97;51,54;38,67;65,63;65,79;71,79
82,2;137,32;51,91;71,48;17,41;64,39;176,30;71,23;67,54;68,37;40,86;137,14;186,19;49,53;63,96;19,62;61,72;144,64;;;83,11;68,94;73,63;50,29;50,91;32,53;65,04;65,79;73,87
82,4;123,66;51,11;73,89;16,29;64,32;61,57;73,78;67,18;69,57;41,06;137,14;186,84;50,81;63,59;20,12;61,72;143,46;;;83,11;70,35;70,75;48,14;52,32;53,10;65,63;65,79;71,79
82,6;124,02;50,79;71,64;17,41;64,39;60,76;71,66;67,41;68,37;41,11;137,14;186,65;49,60;63,52;20,40;61,72;144,44;;;83,11;68,64;73,63;48,14;50,66;63,22;65,04;65,79;73,87
82,8;136,90;50,71;72,25;16,29;64,41;60,28;72,75;65,54;69,57;43,09;137,14;186,19;50,93;63,49;20,32;61,72;146,16;;;83,11;71,04;70,75;48,13;51,18;61,77;65,63;65,79;71,79
83;142,69;50,62;71,39;17,41;64,40;60,55;70,96;66,70;68,37;39,65;137,14;186,84;49,53;63,65;20,86;61,72;145,33;;;83,11;70,40;73,63;48,10;55,29;85,08;65,04;65,79;73,87
83,2;149,59;50,51;70,44;16,29;64,38;60,95;72,65;65,80;69,57;45,04;137,14;186,65;50,81;64,52;20,53;61,72;147,00;;;83,11;69,62;70,75;48,65;59,62;58,29;65,63;65,79;71,79
83,4;152,61;50,39;71,48;17,41;64,38;60,77;71,36;66,07;68,37;102,01;137,14;186,19;49,60;64,64;21,09;61,72;145,50;;;83,11;69,65;73,63;50,22;187,45;57,88;65,04;65,79;73,87
83,6;154,50;50,24;73,89;16,29;64,39;60,62;71,68;67,89;69,57;144,37;137,14;186,84;50,93;64,45;21,17;61,72;146,48;;;83,11;69,67;70,75;48,21;48,70;61,74;65,63;65,79;71,79
83,8;155,69;50,07;71,64;17,41;64,41;61,11;70,88;67,30;68,37;123,32;137,14;186,65;49,53;63,54;21,27;61,72;146,46;;;83,11;69,68;73,63;47,94;63,43;34,75;65,04;65,79;73,87
84;154,24;50,86;72,25;16,29;64,40;61,29;71,90;68,20;69,57;146,83;137,14;186,19;50,81;63,60;21,65;61,72;147,35;;;83,11;70,31;70,75;50,00;94,65;33,81;65,63;65,79;71,79
84,2;151,67;48,72;71,39;17,41;64,38;175,98;71,94;68,02;68,37;104,94;137,14;186,84;49,60;63,20;22,48;61,72;145,30;;;83,11;70,41;73,63;48,76;49,92;37,23;65,04;65,79;73,87
84,4;147,16;48,63;70,44;16,29;64,40;188,31;71,99;68,29;69,57;45,26;137,14;186,65;50,93;62,67;23,16;61,72;144,50;;;83,11;70,26;70,75;48,78;51,10;33,23;65,63;65,79;71,79
84,6;139,84;48,76;71,48;17,41;64,40;200,97;70,21;67,64;68,37;45,15;137,14;186,19;91,46;62,12;22,74;61,72;145,71;;;83,11;69,76;73,63;48,86;52,30;34,39;65,04;65,79;73,87
84,8;131,77;48,67;73,89;16,29;64,41;213,01;71,07;66,89;69,57;45,12;137,14;186,84;92,93;63,15;23,08;61,72;144,10;;;83,11;69,64;70,75;46,92;51,49;32,34;65,63;65,79;71,79
85;50,67;46,88;71,64;17,41;64,40;212,90;73,74;66,50;68,37;45,99;137,14;186,65;92,77;63,78;23,77;61,72;146,73;;;83,11;69,65;73,63;46,35;51,15;32,86;65,04;65,79;73,87
85,2;131,95;46,02;72,25;16,29;64,37;200,80;72,24;65,43;69,57;50,30;137,14;186,19;93,90;64,03;22,80;61,72;145,17;;;83,11;70,80;70,75;46,27;51,88;31,51;65,63;65,79;71,79
85,4;141,28;46,23;71,39;17,41;64,41;187,97;71,55;65,35;68,37;45,25;137,14;186,84;93,00;64,16;24,31;61,72;144,64;;;83,11;68,79;73,63;46,40;103,50;36,25;65,04;65,79;73,87
85,6;147,42;46,14;70,44;16,29;64,40;176,11;71,79;67,28;69,57;113,41;137,14;186,65;92,54;63,92;24,53;61,72;144,76;;;83,11;67,83;70,75;46,24;61,53;34,06;65,63;65,79;71,79
85,8;152,30;46,63;71,48;17,41;64,41;61,63;74,10;66,15;68,37;110,88;137,14;186,19;91,98;63,41;25,60;61,72;146,59;;;83,11;68,84;73,63;46,58;65,81;47,20;65,04;65,79;73,87
86;153,78;46,90;73,89;16,29;64,40;61,23;72,43;64,54;69,57;48,81;137,14;186,84;49,62;63,53;24,92;61,72;145,98;;;83,11;68,20;70,75;46,83;52,46;70,55;65,63;65,79;71,79
86,2;155,93;47,17;71,64;17,41;64,36;62,28;72,14;65,26;68,37;143,53;137,14;186,65;47,78;63,55;26,82;61,72;144,02;;;83,11;69,31;73,63;47,52;51,54;55,69;65,04;65,79;73,87
86,4;155,02;47,37;72,25;16,29;64,41;60,14;73,11;65,98;69,57;101,54;137,14;186,19;47,78;63,79;26,33;61,72;145,13;;;83,11;66,78;70,75;47,76;53,22;59,14;65,63;65,79;71,79
86,6;151,39;47,59;71,39;17,41;64,40;61,23;72,77;66,65;68,37;41,69;137,14;186,84;47,78;63,46;27,85;61,72;143,64;;;83,11;68,14;73,63;47,97;50,63;76,73;65,04;65,79;73,87
86,8;148,83;47,75;70,44;16,29;64,41;62,28;73,06;66,94;69,57;41,33;137,14;186,65;47,78;64,94;28,89;61,72;146,31;;;83,11;66,43;70,75;48,20;52,23;62,49;65,63;65,79;71,79
87;141,94;47,94;71,48;17,41;64,39;60,14;71,61;67,30;68,37;44,89;137,14;186,19;47,78;64,55;27,27;61,72;146,28;;;83,11;66,89;73,63;48,37;51,29;66,40;65,04;65,79;73,87
87,2;137,32;48,07;73,89;16,29;64,35;61,23;71,57;67,05;69,57;37,80;137,14;186,84;47,78;64,07;27,88;61,72;146,54;;;83,11;66,74;70,75;49,43;53,39;55,34;65,63;65,79;71,79
87,4;123,66;50,21;71,64;17,41;64,41;62,28;71,34;65,53;68,37;42,55;137,14;186,65;47,78;63,20;28,28;61,72;146,35;;;83,11;66,29;73,63;51,29;52,73;38,75;65,04;65,79;73,87
87,6;124,02;50,29;72,25;16,29;64,40;175,01;72,48;65,58;69,57;44,68;137,14;186,19;47,78;63,55;29,71;61,72;145,31;;;83,11;65,32;70,75;50,68;51,00;37,10;65,63;65,79;71,79
87,8;136,90;50,46;71,39;17,41;64,41;189,92;72,09;65,51;68,37;108,00;137,14;186,84;47,78;62,99;28,73;61,72;147,47;;;83,11;68,73;73,63;50,83;51,39;35,65;65,04;65,79;73,87
88;142,69;49,61;70,44;16,29;64,39;201,88;71,52;67,02;69,57;104,17;137,14;186,65;47,78;62,89;29,93;61,72;147,88;;;83,11;67,67;70,75;49,93;49,70;32,84;65,63;65,79;71,79
88,2;149,59;49,69;71,48;17,41;64,32;213,35;73,44;66,99;68,37;53,06;137,14;186,19;47,78;64,02;30,83;61,72;145,32;;;83,11;67,67;73,63;49,69;51,95;36,45;65,04;65,79;73,87
88,4;152,61;53,62;73,89;16,29;64,40;212,95;70,59;66,86;69,57;110,63;137,14;186,84;47,78;64,08;29,89;61,72;144,76;;;83,11;67,70;70,75;53,62;48,45;34,15;65,63;65,79;71,79
88,6;154,50;52,62;71,64;17,41;64,41;200,31;71,84;65,58;68,37;45,56;137,14;186,65;92,52;64,39;30,69;61,72;143,86;;;83,11;67,69;73,63;52,62;102,48;34,84;65,04;65,79;73,87
88,8;155,69;52,37;72,25;16,29;64,40;187,17;71,83;66,26;69,57;45,36;137,14;186,19;93,34;64,41;32,22;61,72;143,73;;;83,11;67,81;70,75;52,37;51,20;36,39;65,63;65,79;71,79
89;154,24;51,61;71,39;17,41;64,39;173,68;73,23;66,22;68,37;44,68;137,14;186,84;93,74;64,00;33,52;61,72;147,07;;;83,11;69,55;73,63;51,61;100,79;34,59;65,04;65,79;73,87
89,2;151,67;50,13;70,44;16,29;64,38;60,95;72,16;66,39;69,57;49,78;137,14;186,65;93,59;63,60;32,99;61,72;146,87;;;83,11;67,95;70,75;50,13;50,14;37,54;65,63;65,79;71,79
89,4;147,16;47,78;71,48;17,41;64,39;60,77;72,16;66,69;68,37;47,43;137,14;186,19;93,39;63,52;32,34;61,72;144,99;;;83,11;67,91;73,63;47,78;50,69;46,62;65,04;65,79;73,87
89,6;139,84;47,58;73,89;16,29;64,41;60,62;73,40;67,15;69,57;46,80;137,14;186,84;93,08;63,54;33,25;61,72;143,28;;;83,11;67,91;70,75;47,58;68,34;75,83;65,63;65,79;71,79
89,8;131,77;47,40;71,64;17,41;64,40;61,11;72,21;66,88;68,37;45,30;137,14;186,65;49,62;64,30;34,51;61,72;146,49;;;83,11;67,85;73,63;47,40;49,90;60,59;65,04;65,79;73,87
90;50,67;47,16;72,25;16,29;64,38;61,29;72,82;66,60;69,57;110,60;137,14;186,19;50,93;64,67;34,34;61,72;147,82;;;83,11;67,11;70,75;47,16;52,39;67,98;65,63;65,79;71,79
90,2;131,95;47,20;71,39;17,41;64,40;60,77;73,54;68,43;68,37;46,70;137,14;186,84;49,53;64,60;34,31;61,72;145,43;;;83,11;66,40;73,63;47,20;53,01;59,01;65,04;65,79;73,87
90,4;141,28;46,88;70,44;16,29;64,40;60,62;72,73;67,96;69,57;112,34;137,14;186,65;50,81;64,01;34,91;61,72;146,23;;;83,11;65,11;70,75;46,88;102,04;56,48;65,63;65,79;71,79
90,6;147,42;46,47;71,48;17,41;64,41;61,11;72,53;67,36;68,37;112,45;137,14;186,19;49,60;63,67;35,82;61,72;145,58;;;83,11;67,34;73,63;46,47;56,68;78,91;65,04;65,79;73,87
90,8;152,30;46,47;73,89;16,29;64,40;61,29;72,06;69,22;69,57;41,94;137,14;186,84;50,93;62,75;37,06;61,72;145,14;;;83,11;66,57;70,75;46,47;65,73;40,66;65,63;65,79;71,79
91;153,78;46,33;71,64;17,41;64,37;177,86;73,10;66,53;68,37;43,95;137,14;186,65;49,53;63,35;36,54;61,72;145,54;;;83,11;66,65;73,63;46,33;218,57;32,49;65,04;65,79;73,87
91,2;155,93;46,50;72,25;16,29;64,41;191,77;72,60;66,61;69,57;41,53;137,14;186,19;50,81;62,57;36,32;61,72;147,06;;;83,11;66,96;70,75;46,50;56,82;34,92;65,63;65,79;71,79
91,4;155,02;46,67;71,39;17,41;64,40;202,82;71,77;67,57;68,37;41,07;137,14;186,84;49,60;62,80;39,51;61,72;145,47;;;83,11;69,54;73,63;46,67;50,11;32,29;65,04;65,79;73,87
91,6;151,39;48,85;70,44;16,29;64,41;213,22;71,62;67,55;69,57;43,12;137,14;186,65;50,93;63,37;40,32;61,72;145,71;;;83,11;68,23;70,75;48,85;52,80;28,63;65,63;65,79;71,79
91,8;148,83;48,83;71,48;17,41;64,40;211,91;72,03;67,93;68,37;43,96;137,14;186,19;49,53;63,35;38,22;61,72;144,37;;;83,11;69,47;73,63;48,83;50,14;33,25;65,04;65,79;73,87
92;141,94;48,90;73,89;16,29;64,36;199,83;71,24;67,84;69,57;41,98;137,14;186,84;50,81;63,73;42,11;61,72;145,25;;;83,11;69,46;70,75;48,90;51,28;35,04;65,63;65,79;71,79
92,2;137,32;49,25;71,64;17,41;64,41;184,72;73,83;67,71;68,37;115,08;137,14;186,65;49,60;63,86;42,64;61,72;145,27;;;83,11;68,50;73,63;49,25;49,88;30,31;65,04;65,79;73,87
92,4;123,66;50,26;72,25;16,29;64,40;139,21;73,25;67,72;69,57;117,91;137,14;186,19;91,56;64,59;43,09;61,72;145,08;;;83,11;69,17;70,75;50,26;51,89;36,43;65,63;65,79;71,79
92,6;124,02;48,47;71,39;17,41;64,41;61,78;73,04;68,54;68,37;105,36;137,14;186,84;92,62;64,15;45,10;61,72;144,41;;;83,11;69,93;73,63;48,47;51,66;32,94;65,04;65,79;73,87
92,8;136,90;48,59;70,44;16,29;64,39;61,49;72,02;68,58;69,57;110,01;137,14;186,65;93,38;63,53;43,88;61,72;143,30;;;83,11;70,03;70,75;48,59;50,72;34,30;65,63;65,79;71,79
93;142,69;48,74;71,48;17,41;64,35;61,23;71,65;67,38;68,37;46,22;137,14;186,19;93,16;63,54;45,29;61,72;145,41;;;83,11;69,97;73,63;48,74;48,90;53,40;65,04;65,79;73,87
93,2;149,59;48,82;73,89;16,29;64,41;62,28;73,32;68,28;69,57;45,15;137,14;186,84;93,39;63,53;45,55;61,72;145,59;;;83,11;70,09;70,75;48,82;53,95;59,71;65,63;65,79;71,79
93,4;152,61;48,94;71,64;17,41;64,40;60,14;74,00;66,86;68,37;45,19;137,14;186,65;92,97;63,45;45,66;61,72;144,74;;;83,11;69,98;73,63;48,94;52,56;59,04;65,04;65,79;73,87
93,6;154,50;49,00;72,25;16,29;64,41;61,23;72,34;66,15;69,57;46,74;137,14;186,19;92,27;63,36;46,64;61,72;144,99;;;83,11;70,00;70,75;49,00;205,16;94,22;65,63;65,79;71,79
93,8;155,69;49,08;71,39;17,41;64,39;62,28;72,06;67,66;68,37;47,42;137,14;186,84;49,98;64,41;47,42;61,72;145,02;;;83,11;69,84;73,63;49,08;58,95;60,66;65,04;65,79;73,87
94;154,24;53,69;70,44;16,29;64,33;60,14;71,80;69,25;69,57;46,82;137,14;186,65;47,78;64,25;49,70;61,72;145,77;;;83,11;69,69;70,75;53,69;57,85;61,43;65,63;65,79;71,79
94,2;151,67;53,28;71,48;17,41;64,40;61,23;73,64;68,57;68,37;46,87;137,14;186,19;49,57;63,94;51,79;61,72;146,01;;;83,11;69,68;73,63;53,28;94,46;62,85;65,04;65,79;73,87
94,4;147,16;52,42;73,89;16,29;64,40;177,63;72,67;67,55;69,57;109,82;137,14;186,84;48,74;63,71;51,83;61,72;146,75;;;83,11;69,83;70,75;52,42;50,82;39,50;65,63;65,79;71,79
94,6;139,84;53,13;71,64;17,41;64,40;190,45;71,70;67,67;68,37;112,81;137,14;186,65;47,78;63,32;53,92;61,72;143,48;;;83,11;69,63;73,63;53,13;49,60;35,36;65,04;65,79;73,87
94,8;131,77;53,52;72,25;16,29;64,39;202,51;70,75;68,12;69,57;111,30;137,14;186,19;47,78;63,65;53,11;61,72;143,77;;;83,11;69,72;70,75;53,52;51,91;35,87;65,63;65,79;71,79
95;50,67;52,09;71,39;17,41;64,37;215,43;72,48;66,33;68,37;102,56;137,14;186,84;47,78;63,76;55,45;61,72;144,88;;;83,11;71,98;73,63;52,09;67,88;31,52;65,04;65,79;73,87
95,2;131,95;52,09;70,44;16,29;64,39;211,21;72,80;67,42;69,57;41,80;137,14;186,65;47,78;64,14;56,29;61,72;146,20;;;83,11;69,08;70,75;52,09;51,35;34,00;65,63;65,79;71,79
95,4;141,28;49,88;71,48;17,41;64,41;198,28;71,43;67,66;68,37;44,77;137,14;186,19;47,78;64,32;58,07;61,72;145,60;;;83,11;68,91;73,63;49,88;52,12;35,98;65,04;65,79;73,87
95,6;147,42;49,87;73,89;16,29;64,40;186,69;72,96;67,81;69,57;43,34;137,14;186,84;47,78;64,43;59,62;61,72;146,08;;;83,11;70,00;70,75;49,87;102,42;36,25;65,63;65,79;71,79
95,8;152,30;50,03;71,64;17,41;64,38;61,14;72,36;67,27;68,37;37,80;137,14;186,65;47,78;63,93;60,36;61,72;143,53;;;83,11;68,08;73,63;50,03;62,55;35,23;65,04;65,79;73,87
96;153,78;52,21;72,25;16,29;64,40;60,62;72,98;67,01;69,57;41,62;137,14;186,19;47,78;63,46;62,72;61,72;146,16;;;83,11;69,23;70,75;52,21;102,51;34,84;65,63;65,79;71,79
96,2;155,93;52,27;71,39;17,41;64,40;61,11;70,85;68,74;68,37;44,13;137,14;186,84;47,78;65,01;65,83;61,72;146,63;;;83,11;68,70;73,63;52,27;51,47;35,53;65,04;65,79;73,87
96,4;155,02;52,28;70,44;16,29;64,41;61,29;73,43;66,66;69,57;106,61;137,14;186,65;91,00;64,96;69,99;61,72;146,08;;;83,11;68,48;70,75;52,28;52,72;41,89;65,63;65,79;71,79
96,6;151,39;51,89;71,48;17,41;64,40;60,77;71,52;67,29;68,37;145,56;137,14;186,19;93,28;64,45;73,18;61,72;143,62;;;83,11;68,60;73,63;51,89;52,79;76,51;65,04;65,79;73,87
96,8;148,83;51,82;73,89;16,29;64,37;60,62;71,72;67,94;69,57;49,23;137,14;186,84;93,42;64,21;75,74;61,72;141,50;;;83,11;68,96;70,75;51,82;52,17;62,47;65,63;65,79;71,79
97;141,94;51,35;71,64;17,41;64,41;61,11;72,29;65,61;68,37;104,81;137,14;186,65;93,24;64,41;79,47;61,72;146,33;;;83,11;69,10;73,63;51,35;50,10;62,36;65,04;65,79;73,87
97,2;137,32;51,77;72,25;16,29;64,40;61,29;72,91;66,77;69,57;106,03;137,14;186,19;92,90;63,81;78,76;61,72;145,28;;;83,11;69,37;70,75;51,77;55,78;71,82;65,63;65,79;71,79
97,4;123,66;51,70;71,39;17,41;64,41;60,77;71,62;65,80;68,37;46,50;137,14;186,84;93,02;63,15;81,69;61,72;146,18;;;83,11;69,83;73,63;51,70;52,45;58,15;65,04;65,79;73,87
97,6;124,02;51,93;70,44;16,29;64,40;60,62;73,26;66,03;69,57;47,04;137,14;186,65;50,15;63,31;83,02;61,72;145,06;;;83,11;70,23;70,75;51,93;51,03;61,88;65,63;65,79;71,79
97,8;136,90;51,50;71,48;17,41;64,36;180,41;72,80;65,84;68,37;44,76;137,14;186,19;49,17;62,93;85,46;61,72;143,58;;;83,11;70,28;73,63;51,50;51,69;54,76;65,04;65,79;73,87
98;142,69;51,69;73,89;16,29;64,41;192,19;72,62;66,25;69,57;45,46;137,14;186,84;50,93;62,32;90,44;61,72;144,48;;;83,11;70,30;70,75;51,69;51,49;36,21;65,63;65,79;71,79
98,2;149,59;51,62;71,64;17,41;64,40;204,13;71,75;67,35;68,37;46,13;137,14;186,65;49,53;62,92;93,31;61,72;146,48;;;83,11;70,30;73,63;51,62;61,28;31,87;65,04;65,79;73,87
98,4;152,61;51,56;72,25;16,29;64,41;217,15;72,53;66,69;69,57;45,25;137,14;186,19;50,81;63,21;96,14;61,72;146,31;;;83,11;70,61;70,75;51,56;60,10;31,87;65,63;65,79;71,79
98,6;154,50;51,99;71,39;17,41;64,39;209,15;70,60;68,17;68,37;109,67;137,14;186,84;49,60;63,81;100,08;61,72;139,50;;;83,11;70,29;73,63;51,99;50,97;31,64;65,04;65,79;73,87
98,8;155,69;52,05;70,44;16,29;64,35;198,28;70,77;65,53;69,57;109,91;137,14;186,65;50,93;63,87;101,92;61,72;141,11;;;83,11;70,57;70,75;52,05;48,70;31,92;65,63;65,79;71,79
99;154,24;52,37;71,48;17,41;64,41;185,43;71,81;68,18;68,37;121,12;137,14;186,19;49,53;64,38;104,35;61,72;145,00;;;83,11;70,24;73,63;52,37;52,96;31,40;65,04;65,79;73,87
99,2;151,67;52,37;73,89;16,29;64,40;60,78;73,16;67,59;69,57;109,54;137,14;186,84;50,81;64,03;106,92;61,72;145,36;;;83,11;70,49;70,75;52,37;94,53;32,73;65,63;65,79;71,79
99,4;147,16;50,92;71,64;17,41;64,41;61,26;73,14;67,02;68,37;105,40;137,14;186,65;49,60;64,12;109,89;61,72;145,54;;;83,11;69,68;73,63;50,92;50,43;30,61;65,04;65,79;73,87
99,6;139,84;50,08;72,25;16,29;64,39;61,03;72,91;66,72;69,57;40,86;137,14;186,19;50,93;64,03;110,75;61,72;144,67;;;83,11;69,20;70,75;50,08;52,84;31,04;65,63;65,79;71,79
99,8;131,77;50,14;71,39;17,41;64,33;61,23;72,10;67,37;68,37;41,06;137,14;186,84;49,53;63,58;113,37;61,72;144,18;;;83,11;69,04;73,63;50,14;50,72;35,02;65,04;65,79;73,87
